Sale_details_ID,Sale_ID,Product_line_id,Quantity,Unit_price,Tax 5%
1,750-67-8428,1,7,74.69,26.1415
2,226-31-3081,1,5,15.28,3.82
3,631-41-3108,1,7,46.33,16.2155
4,123-19-1176,1,8,58.22,23.288
5,373-73-7910,1,7,86.31,30.2085
6,699-14-3026,1,7,85.39,29.8865
7,355-53-5943,1,6,68.84,20.652
8,315-22-5665,1,10,73.56,36.78
9,665-32-9167,1,2,36.26,3.626
10,692-92-5582,1,3,54.84,8.226
11,351-62-0822,1,4,14.48,2.896
12,529-56-3974,1,4,25.51,5.102
13,365-64-0515,1,5,46.95,11.7375
14,252-56-2699,1,10,43.19,21.595
15,829-34-3910,1,10,71.38,35.69
16,299-46-1805,1,6,93.72,28.116
17,656-95-9349,1,7,68.93,24.1255
18,765-26-6951,1,6,72.61,21.783
19,329-62-1586,1,3,54.67,8.2005
20,319-50-3348,1,2,40.3,4.03
21,300-71-4605,1,5,86.04,21.51
22,371-85-5789,1,3,87.98,13.197
23,273-16-6619,1,2,33.2,3.32
24,636-48-8204,1,5,34.56,8.64
25,549-59-1358,1,3,88.63,13.2945
26,227-03-5010,1,8,52.59,21.036
27,649-29-6775,1,1,33.52,1.676
28,189-17-4241,1,2,87.67,8.767
29,145-94-9061,1,5,88.36,22.09
30,848-62-7243,1,9,24.89,11.2005
31,871-79-8483,1,5,94.13,23.5325
32,149-71-6266,1,9,78.07,35.1315
33,640-49-2076,1,8,83.78,33.512
34,595-11-5460,1,2,96.58,9.658
35,183-56-6882,1,4,99.42,19.884
36,232-16-2483,1,1,68.12,3.406
37,129-29-8530,1,5,62.62,15.655
38,272-65-1806,1,9,60.88,27.396
39,333-73-7901,1,8,54.92,21.968
40,777-82-7220,1,8,30.12,12.048
41,280-35-5823,1,1,86.72,4.336
42,554-53-8700,1,2,56.11,5.611
43,354-25-5821,1,6,69.12,20.736
44,228-96-1411,1,8,98.7,39.48
45,617-15-4209,1,2,15.37,1.537
46,132-32-9879,1,4,93.96,18.792
47,370-41-7321,1,9,56.69,25.5105
48,727-46-3608,1,9,20.01,9.0045
49,669-54-1719,1,6,18.93,5.679
50,574-22-5561,1,10,82.63,41.315
51,326-78-5178,1,7,91.4,31.99
52,162-48-8011,1,5,44.59,11.1475
53,616-24-2851,1,4,17.87,3.574
54,778-71-5554,1,1,15.43,0.7715
55,242-55-6721,1,2,16.16,1.616
56,399-46-5918,1,8,85.98,34.392
57,106-35-6779,1,2,44.34,4.434
58,635-40-6220,1,8,89.6,35.84
59,817-48-8732,1,10,72.35,36.175
60,120-06-4233,1,6,30.61,9.183
61,285-68-5083,1,3,24.74,3.711
62,803-83-5989,1,6,55.73,16.719
63,347-34-2234,1,9,55.07,24.7815
64,199-75-8169,1,10,15.81,7.905
65,853-23-2453,1,4,75.74,15.148
66,877-22-3308,1,10,15.87,7.935
67,838-78-4295,1,2,33.47,3.347
68,109-28-2512,1,6,97.61,29.283
69,232-11-3025,1,10,78.77,39.385
70,382-03-4532,1,1,18.33,0.9165
71,393-65-2792,1,10,89.48,44.74
72,796-12-2025,1,10,62.12,31.06
73,510-95-6347,1,3,48.52,7.278
74,841-35-6630,1,6,75.91,22.773
75,287-21-9091,1,9,74.67,33.6015
76,732-94-0499,1,10,41.65,20.825
77,263-10-3913,1,9,49.04,22.068
78,381-20-0914,1,9,20.01,9.0045
79,829-49-1914,1,10,78.31,39.155
80,756-01-7507,1,5,20.38,5.095
81,870-72-4431,1,6,99.19,29.757
82,847-38-7188,1,3,96.68,14.502
83,480-63-2856,1,8,19.25,7.7
84,787-56-0757,1,4,80.36,16.072
85,360-39-5055,1,5,48.91,12.2275
86,730-50-9884,1,7,83.06,29.071
87,362-58-8315,1,5,76.52,19.13
88,633-44-8566,1,7,49.38,17.283
89,504-35-8843,1,1,42.47,2.1235
90,318-68-5053,1,6,76.99,23.097
91,565-80-5980,1,4,47.38,9.476
92,225-32-0908,1,10,44.86,22.43
93,873-51-0671,1,7,21.98,7.693
94,152-08-9985,1,9,64.36,28.962
95,512-91-0811,1,1,89.75,4.4875
96,594-34-4444,1,1,97.16,4.858
97,766-85-7061,1,10,87.87,43.935
98,871-39-9221,1,6,12.45,3.735
99,865-92-6136,1,3,52.75,7.9125
100,733-01-9107,1,6,82.7,24.81
101,163-56-7055,1,1,48.71,2.4355
102,189-98-2939,1,9,78.55,35.3475
103,551-21-3069,1,9,23.07,10.3815
104,212-62-1842,1,6,58.26,17.478
105,716-39-1409,1,7,30.35,10.6225
106,704-48-3927,1,10,88.67,44.335
107,628-34-3388,1,6,27.38,8.214
108,630-74-5166,1,6,62.13,18.639
109,588-01-7461,1,9,33.98,15.291
110,861-77-0145,1,10,81.97,40.985
111,479-26-8945,1,2,16.49,1.649
112,210-67-5886,1,3,98.21,14.7315
113,227-78-1148,1,7,72.84,25.494
114,645-44-1170,1,9,58.07,26.1315
115,237-01-6122,1,9,80.79,36.3555
116,225-98-1496,1,3,27.02,4.053
117,291-32-1427,1,5,21.94,5.485
118,659-65-8956,1,1,51.36,2.568
119,642-32-2990,1,10,10.96,5.48
120,378-24-2715,1,2,53.44,5.344
121,638-60-7125,1,8,99.56,39.824
122,659-36-1684,1,7,57.12,19.992
123,219-22-9386,1,9,99.96,44.982
124,336-78-2147,1,8,63.91,25.564
125,268-27-6179,1,8,56.47,22.588
126,668-90-8900,1,7,93.69,32.7915
127,870-54-3162,1,5,32.25,8.0625
128,189-08-9157,1,9,31.73,14.2785
129,663-86-9076,1,8,68.54,27.416
130,549-84-7482,1,9,90.28,40.626
131,191-10-6171,1,7,39.62,13.867
132,802-70-5316,1,6,92.13,27.639
133,695-51-0018,1,4,34.84,6.968
134,590-83-4591,1,6,87.45,26.235
135,483-71-1164,1,6,81.3,24.39
136,597-78-7908,1,3,90.22,13.533
137,700-81-1757,1,5,26.31,6.5775
138,354-39-5160,1,6,34.42,10.326
139,241-72-9525,1,10,51.91,25.955
140,575-30-8091,1,8,72.5,29
141,731-81-9469,1,10,89.8,44.9
142,280-17-4359,1,10,90.5,45.25
143,338-65-2210,1,10,68.6,34.3
144,488-25-4221,1,1,30.41,1.5205
145,239-10-7476,1,6,77.95,23.385
146,458-41-1477,1,6,46.26,13.878
147,685-64-1609,1,10,30.14,15.07
148,568-90-5112,1,4,66.14,13.228
149,262-47-2794,1,8,71.86,28.744
150,238-49-0436,1,8,32.46,12.984
151,608-96-3517,1,4,91.54,18.308
152,584-86-7256,1,7,34.56,12.096
153,746-94-0204,1,9,83.24,37.458
154,214-17-6927,1,6,16.48,4.944
155,400-89-4171,1,8,80.97,32.388
156,782-95-9291,1,5,92.29,23.0725
157,279-74-2924,1,1,72.17,3.6085
158,307-85-2293,1,5,50.28,12.57
159,743-04-1105,1,9,97.22,43.749
160,423-57-2993,1,6,93.39,28.017
161,894-41-5205,1,8,43.18,17.272
162,275-28-0149,1,1,63.69,3.1845
163,101-17-6199,1,7,45.79,16.0265
164,423-80-0988,1,2,76.4,7.64
165,548-46-9322,1,10,39.9,19.95
166,505-02-0892,1,8,42.57,17.028
167,234-65-2137,1,10,95.58,47.79
168,687-47-8271,1,10,98.98,49.49
169,796-32-9050,1,6,51.28,15.384
170,105-31-1824,2,7,69.52,24.332
171,249-42-3782,2,5,70.01,17.5025
172,316-55-4634,2,5,80.05,20.0125
173,733-33-4967,2,8,20.85,8.34
174,608-27-6295,2,6,52.89,15.867
175,414-12-7047,2,8,19.79,7.916
176,827-26-2100,2,9,33.84,15.228
177,175-54-2529,2,8,22.17,8.868
178,139-52-2867,2,7,22.51,7.8785
179,407-63-8975,2,6,73.88,22.164
180,342-65-4817,2,3,86.8,13.02
181,130-98-8941,2,7,64.26,22.491
182,434-83-9547,2,8,38.47,15.388
183,851-28-6367,2,10,15.5,7.75
184,824-88-3614,2,8,34.31,13.724
185,586-25-0848,2,7,12.34,4.319
186,895-66-0685,2,3,18.08,2.712
187,305-14-0245,2,8,94.49,37.796
188,732-04-5373,2,4,46.47,9.294
189,400-60-7251,2,1,74.07,3.7035
190,593-65-1552,2,4,69.81,13.962
191,284-34-9626,2,3,77.04,11.556
192,437-58-8131,2,2,73.52,7.352
193,286-43-6208,2,9,87.8,39.51
194,641-43-2399,2,4,25.55,5.11
195,831-07-6050,2,5,32.71,8.1775
196,556-86-3144,2,1,74.29,3.7145
197,848-24-9445,2,2,43.7,4.37
198,856-22-8149,2,1,25.29,1.2645
199,699-01-4164,2,4,41.5,8.3
200,420-11-4919,2,5,71.39,17.8475
201,606-80-4905,2,6,19.15,5.745
202,542-41-0513,2,4,57.49,11.498
203,426-39-2418,2,7,61.41,21.4935
204,875-46-5808,2,10,25.9,12.95
205,394-43-4238,2,5,17.77,4.4425
206,749-24-1565,2,9,23.03,10.3635
207,672-51-8681,2,9,66.65,29.9925
208,263-87-5680,2,10,28.53,14.265
209,573-58-9734,2,3,30.37,4.5555
210,817-69-8206,2,9,99.73,44.8785
211,888-02-0338,2,9,26.23,11.8035
212,677-11-0152,2,9,93.26,41.967
213,142-63-6033,2,5,92.36,23.09
214,656-16-1063,2,3,46.42,6.963
215,891-58-8335,2,7,29.61,10.3635
216,802-43-8934,2,1,18.28,0.914
217,560-30-5617,2,5,24.77,6.1925
218,319-74-2561,2,3,94.64,14.196
219,549-03-9315,2,8,94.87,37.948
220,790-29-1172,2,3,57.34,8.601
221,239-36-3640,2,6,45.35,13.605
222,468-01-2051,2,7,62.08,21.728
223,389-25-3394,2,5,11.81,2.9525
224,279-62-1445,2,1,12.54,0.627
225,213-72-6612,2,2,43.25,4.325
226,746-68-6593,2,2,87.16,8.716
227,836-82-5858,2,9,69.37,31.2165
228,583-72-1480,2,4,37.06,7.412
229,466-61-5506,2,6,90.7,27.21
230,721-86-6247,2,8,63.42,25.368
231,289-65-5721,2,2,81.37,8.137
232,545-46-3100,2,3,10.59,1.5885
233,418-02-5978,2,9,84.09,37.8405
234,269-04-5750,2,4,73.82,14.764
235,157-13-5295,2,10,51.94,25.97
236,645-78-8093,2,2,93.14,9.314
237,211-30-9270,2,5,17.41,4.3525
238,755-12-3214,2,5,44.22,11.055
239,346-84-3103,2,5,13.22,3.305
240,478-06-7835,2,1,89.69,4.4845
241,540-11-4336,2,9,24.94,11.223
242,448-81-5016,2,2,59.77,5.977
243,142-72-4741,2,2,93.2,9.32
244,217-58-1179,2,4,62.65,12.53
245,376-02-8238,2,8,93.87,37.548
246,530-90-9855,2,8,47.59,19.036
247,866-05-7563,2,3,81.4,12.21
248,604-70-6476,2,5,17.94,4.485
249,799-71-1548,2,4,77.72,15.544
250,785-13-7708,2,7,73.06,25.571
251,845-51-0542,2,9,46.55,20.9475
252,662-47-5456,2,10,35.19,17.595
253,883-17-4236,2,2,14.39,1.439
254,290-68-2984,2,4,23.75,4.75
255,704-11-6354,2,8,58.9,23.56
256,110-48-7033,2,4,32.62,6.524
257,366-93-0948,2,1,66.35,3.3175
258,729-09-9681,2,6,25.91,7.773
259,151-16-1484,2,4,32.25,6.45
260,380-94-4661,2,4,65.94,13.188
261,850-41-9669,2,9,75.06,33.777
262,821-07-3596,2,4,16.45,3.29
263,655-85-5130,2,4,38.3,7.66
264,447-15-7839,2,10,22.24,11.12
265,154-74-7179,2,1,54.45,2.7225
266,253-12-6086,2,7,98.4,34.44
267,808-65-0703,2,4,35.47,7.094
268,571-94-0759,2,10,74.6,37.3
269,144-51-6085,2,4,70.74,14.148
270,731-14-2199,2,10,35.54,17.77
271,783-09-1637,2,5,67.43,16.8575
272,687-15-1097,2,2,21.12,2.112
273,126-54-1082,2,9,21.54,9.693
274,633-91-1052,2,2,12.03,1.203
275,477-24-6490,2,6,99.71,29.913
276,566-19-5475,2,7,47.97,16.7895
277,526-86-8552,2,10,21.82,10.91
278,376-56-3573,2,4,95.42,19.084
279,537-72-0426,2,10,70.99,35.495
280,828-61-5674,2,10,44.02,22.01
281,136-08-6195,2,8,69.96,27.984
282,523-38-0215,2,1,37,1.85
283,490-29-1201,2,1,15.34,0.767
284,667-92-0055,2,6,99.83,29.949
285,565-17-3836,2,4,47.67,9.534
286,498-41-1961,2,5,66.68,16.67
287,593-95-4461,2,1,74.86,3.743
288,226-71-3580,2,9,23.75,10.6875
289,283-79-9594,2,7,48.51,16.9785
290,430-60-3493,2,7,94.88,33.208
291,139-20-0155,2,10,40.3,20.15
292,558-80-4082,2,7,27.85,9.7475
293,278-97-7759,2,1,62.48,3.124
294,316-68-6352,2,2,36.36,3.636
295,585-03-5943,2,10,18.11,9.055
296,211-05-0490,2,5,51.92,12.98
297,727-75-6477,2,4,28.84,5.768
298,744-02-5987,2,6,78.38,23.514
299,307-83-9164,2,4,60.01,12.002
300,779-06-0012,2,1,88.61,4.4305
301,446-47-6729,2,2,99.82,9.982
302,573-10-3877,2,1,39.01,1.9505
303,735-06-4124,2,1,48.61,2.4305
304,439-54-7422,2,4,51.19,10.238
305,396-90-2219,2,8,14.96,5.984
306,411-77-0180,2,7,72.2,25.27
307,286-01-5402,2,7,40.23,14.0805
308,803-17-8013,2,8,88.79,35.516
309,512-98-1403,2,3,26.48,3.972
310,848-42-2560,2,2,81.91,8.191
311,532-59-7201,2,6,79.93,23.979
312,181-94-6432,2,2,69.33,6.933
313,870-76-1733,2,5,14.23,3.5575
314,423-64-4619,2,9,15.55,6.9975
315,227-07-4446,2,10,78.13,39.065
316,174-36-3675,2,2,99.37,9.937
317,428-83-5800,2,3,21.08,3.162
318,603-07-0961,2,5,74.79,18.6975
319,704-20-4138,2,7,29.67,10.3845
320,787-15-1757,2,4,44.07,8.814
321,649-11-3678,2,9,22.93,10.3185
322,622-20-1945,2,1,39.42,1.971
323,372-94-8041,2,6,15.26,4.578
324,563-91-7120,2,5,61.77,15.4425
325,746-54-5508,2,6,21.52,6.456
326,276-54-0879,2,4,97.74,19.548
327,815-11-1168,2,5,99.78,24.945
328,719-76-3868,2,4,94.26,18.852
329,730-61-8757,2,4,51.13,10.226
330,340-66-0321,2,4,36.36,7.272
331,868-81-1752,2,9,22.02,9.909
332,634-97-8956,2,3,32.9,4.935
333,566-71-1091,2,5,77.02,19.255
334,442-48-3607,2,2,23.48,2.348
335,835-16-0096,2,5,14.7,3.675
336,527-09-6272,2,5,28.45,7.1125
337,898-04-2717,2,9,76.4,34.38
338,692-27-8933,2,6,57.95,17.385
339,633-09-3463,2,3,47.65,7.1475
340,374-17-3652,2,9,42.82,19.269
341,378-07-7001,2,3,48.09,7.2135
342,433-75-6987,2,7,55.97,19.5895
343,873-95-4984,2,7,76.9,26.915
344,416-13-5917,2,5,97.03,24.2575
345,150-89-8043,2,3,44.65,6.6975
346,135-84-8019,2,9,77.93,35.0685
347,441-94-7118,2,1,71.95,3.5975
348,725-96-3778,3,8,89.25,35.7
349,531-80-1784,3,7,26.02,9.107
350,400-45-1220,3,10,13.5,6.75
351,860-79-0874,3,10,99.3,49.65
352,834-61-8124,3,7,51.69,18.0915
353,115-99-4379,3,7,54.73,19.1555
354,565-67-6697,3,9,27,12.15
355,320-49-6392,3,1,30.24,1.512
356,889-04-9723,3,4,89.14,17.828
357,632-90-0281,3,10,37.55,18.775
358,554-42-2417,3,10,95.44,47.72
359,453-63-6187,3,3,27.5,4.125
360,578-80-7669,3,1,74.97,3.7485
361,612-36-5536,3,8,80.96,32.384
362,605-72-4132,3,8,94.47,37.788
363,471-41-2823,3,2,99.79,9.979
364,462-67-9126,3,6,73.22,21.966
365,272-27-9238,3,4,41.24,8.248
366,834-25-9262,3,4,81.68,16.336
367,122-61-9553,3,9,51.32,23.094
368,468-88-0009,3,4,65.94,13.188
369,613-59-9758,3,10,14.36,7.18
370,254-31-0042,3,9,21.5,9.675
371,201-86-2184,3,7,26.26,9.191
372,261-12-8671,3,2,60.96,6.096
373,730-70-9830,3,6,70.11,21.033
374,382-25-8917,3,6,42.08,12.624
375,422-29-8786,3,5,67.09,16.7725
376,667-23-5919,3,5,96.7,24.175
377,843-01-4703,3,9,35.38,15.921
378,743-88-1662,3,7,95.49,33.4215
379,595-86-2894,3,4,96.98,19.396
380,182-69-8360,3,4,23.65,4.73
381,289-15-7034,3,4,82.33,16.466
382,462-78-5240,3,2,26.61,2.661
383,868-52-7573,3,5,99.69,24.9225
384,153-58-4872,3,4,74.89,14.978
385,662-72-2873,3,5,40.94,10.235
386,525-88-7307,3,1,75.82,3.791
387,689-16-9784,3,6,46.77,14.031
388,725-56-0833,3,10,32.32,16.16
389,394-41-0748,3,9,54.07,24.3315
390,596-42-3999,3,7,18.22,6.377
391,541-89-9860,3,3,80.48,12.072
392,173-82-9529,3,10,37.95,18.975
393,563-36-9814,3,1,76.82,3.841
394,308-47-4913,3,10,52.26,26.13
395,885-17-6250,3,1,79.74,3.987
396,726-27-2396,3,5,77.5,19.375
397,316-01-3952,3,5,54.27,13.5675
398,760-54-1821,3,9,13.59,6.1155
399,793-10-3222,3,6,41.06,12.318
400,346-12-3257,3,9,19.24,8.658
401,110-05-6330,3,6,39.43,11.829
402,651-61-0874,3,4,46.22,9.244
403,236-86-3015,3,1,13.98,0.699
404,831-64-0259,3,5,39.75,9.9375
405,587-03-7455,3,7,97.79,34.2265
406,882-40-4577,3,4,67.26,13.452
407,732-67-5346,3,5,13.79,3.4475
408,725-32-9708,3,4,68.71,13.742
409,256-08-8343,3,4,56.53,11.306
410,372-26-1506,3,5,23.82,5.955
411,244-08-0162,3,10,34.21,17.105
412,569-71-4390,3,2,21.87,2.187
413,132-23-6451,3,5,20.97,5.2425
414,696-90-2548,3,3,25.84,3.876
415,472-15-9636,3,8,50.93,20.372
416,268-03-6164,3,1,96.11,4.8055
417,750-57-9686,3,4,45.38,9.076
418,186-09-3669,3,1,81.51,4.0755
419,848-07-1692,3,2,57.22,5.722
420,745-71-3520,3,7,25.22,8.827
421,266-76-6436,3,3,38.6,5.79
422,740-22-2500,3,3,84.05,12.6075
423,271-88-8734,3,10,97.21,48.605
424,301-81-8610,3,8,25.42,10.168
425,489-64-4354,3,1,16.28,0.814
426,198-84-7132,3,9,40.61,18.2745
427,269-10-8440,3,7,53.17,18.6095
428,650-98-6268,3,3,20.87,3.1305
429,741-73-3559,3,5,67.27,16.8175
430,325-77-6186,3,10,90.65,45.325
431,286-75-7818,3,2,69.08,6.908
432,574-57-9721,3,2,43.27,4.327
433,459-50-7686,3,6,23.46,7.038
434,616-87-0016,3,7,95.54,33.439
435,837-55-7229,3,1,47.44,2.372
436,751-69-0068,3,9,99.24,44.658
437,257-73-1380,3,4,82.93,16.586
438,345-08-4992,3,6,33.99,10.197
439,549-96-4200,3,4,17.04,3.408
440,810-60-6344,3,8,40.86,16.344
441,450-28-2866,3,5,17.44,4.36
442,394-30-3170,3,8,88.43,35.372
443,138-17-5109,3,9,89.21,40.1445
444,192-98-7397,3,1,12.78,0.639
445,301-11-9629,3,7,19.1,6.685
446,390-80-5128,3,1,19.15,0.9575
447,235-46-8343,3,10,27.66,13.83
448,453-12-7053,3,3,45.74,6.861
449,296-11-7041,3,1,27.07,1.3535
450,449-27-2918,3,1,39.12,1.956
451,891-01-7034,3,6,74.71,22.413
452,744-09-5786,3,6,22.01,6.603
453,727-17-0390,3,5,63.61,15.9025
454,568-88-3448,3,1,25,1.25
455,187-83-5490,3,4,20.77,4.154
456,767-54-1907,3,5,29.56,7.39
457,710-46-4433,3,9,77.4,34.83
458,533-33-5337,3,10,79.39,39.695
459,325-90-8763,3,10,46.57,23.285
460,729-46-7422,3,1,35.89,1.7945
461,639-76-1242,3,5,40.52,10.13
462,234-03-4040,3,10,73.05,36.525
463,326-71-2155,3,4,73.95,14.79
464,320-32-8842,3,1,22.62,1.131
465,470-32-9057,3,5,51.34,12.835
466,878-30-2331,3,10,54.55,27.275
467,440-59-5691,3,7,37.15,13.0025
468,554-53-3790,3,6,37.02,11.106
469,746-19-0921,3,1,21.58,1.079
470,233-34-0817,3,1,98.84,4.942
471,767-05-1286,3,6,83.77,25.131
472,340-21-9136,3,4,40.05,8.01
473,405-31-3305,3,10,43.13,21.565
474,731-59-7531,3,8,72.57,29.028
475,676-39-6028,3,5,64.44,16.11
476,502-05-1910,3,3,65.18,9.777
477,485-30-8700,3,5,33.26,8.315
478,598-47-9715,3,4,84.07,16.814
479,701-69-8742,3,10,34.37,17.185
480,575-67-1508,3,1,38.6,1.93
481,541-08-3113,3,8,65.97,26.388
482,246-11-3901,3,10,32.8,16.4
483,674-15-9296,3,5,37.14,9.285
484,305-18-3552,3,10,60.38,30.19
485,493-65-6248,3,10,36.98,18.49
486,438-01-4015,3,4,49.49,9.898
487,709-58-4068,3,10,41.09,20.545
488,795-49-7276,3,4,37.15,7.43
489,556-72-8512,3,1,22.96,1.148
490,627-95-3243,3,9,77.68,34.956
491,686-41-0932,3,2,34.7,3.47
492,510-09-5628,3,10,19.66,9.83
493,608-04-3797,3,8,25.32,10.128
494,148-82-2527,3,10,12.12,6.06
495,437-53-3084,3,2,99.89,9.989
496,632-32-4574,3,8,75.92,30.368
497,556-97-7101,3,2,63.22,6.322
498,862-59-8517,3,6,90.24,27.072
499,401-18-8016,3,1,98.13,4.9065
500,420-18-8989,3,8,51.52,20.608
501,277-63-2961,3,1,73.97,3.6985
502,573-98-8548,3,1,31.9,1.595
503,620-02-2046,3,2,69.4,6.94
504,282-35-2475,3,2,93.31,9.331
505,511-54-3087,3,1,88.45,4.4225
506,726-29-6793,3,8,24.18,9.672
507,387-49-4215,3,3,48.5,7.275
508,862-17-9201,3,6,84.05,25.215
509,291-21-5991,3,5,61.29,15.3225
510,602-80-9671,3,6,15.95,4.785
511,347-72-6115,3,7,90.74,31.759
512,209-61-0206,3,5,42.91,10.7275
513,595-27-4851,3,7,54.28,18.998
514,189-52-0236,3,7,99.55,34.8425
515,503-07-0930,3,7,58.39,20.4365
516,413-20-6708,3,1,51.47,2.5735
517,425-85-2085,3,5,54.86,13.715
518,521-18-7827,3,5,39.39,9.8475
519,220-28-1851,3,2,34.73,3.473
520,600-38-9738,3,5,71.92,17.98
521,734-91-1155,3,3,45.71,6.8565
522,451-28-5717,4,6,83.17,24.951
523,609-81-8548,4,6,37.44,11.232
524,133-14-7229,4,2,62.87,6.287
525,534-01-4457,4,6,81.71,24.513
526,719-89-8991,4,5,91.41,22.8525
527,286-62-6248,4,4,39.21,7.842
528,339-38-9982,4,2,59.86,5.986
529,827-44-5872,4,10,54.36,27.18
530,827-77-7633,4,9,98.09,44.1405
531,287-83-1405,4,6,25.43,7.629
532,435-13-4908,4,8,86.68,34.672
533,857-67-9057,4,10,22.95,11.475
534,236-27-1144,4,9,16.31,7.3395
535,892-05-6689,4,5,28.32,7.08
536,583-41-4548,4,7,16.67,5.8345
537,339-12-4827,4,1,73.96,3.698
538,643-38-7867,4,1,97.94,4.897
539,308-81-0538,4,4,73.05,14.61
540,358-88-9262,4,6,87.48,26.244
541,460-35-4390,4,3,30.68,4.602
542,343-87-0864,4,1,75.88,3.794
543,173-50-1108,4,4,20.18,4.036
544,243-47-2663,4,6,18.77,5.631
545,841-18-8232,4,1,71.2,3.56
546,701-23-5550,4,4,38.81,7.762
547,647-50-1224,4,10,29.42,14.71
548,541-48-8554,4,9,60.95,27.4275
549,539-21-7227,4,5,51.54,12.885
550,213-32-1216,4,6,66.06,19.818
551,747-58-7183,4,3,57.27,8.5905
552,582-52-8065,4,9,54.31,24.4395
553,210-57-1719,4,9,58.24,26.208
554,399-69-4630,4,6,22.21,6.663
555,134-75-2619,4,7,19.32,6.762
556,356-44-8813,4,3,37.48,5.622
557,198-66-9832,4,2,72.04,7.204
558,283-26-5248,4,10,98.52,49.26
559,712-39-0363,4,6,41.66,12.498
560,218-59-9410,4,3,72.42,10.863
561,174-75-0888,4,9,21.58,9.711
562,866-99-7614,4,10,89.2,44.6
563,134-54-4720,4,8,42.42,16.968
564,760-90-2357,4,6,74.51,22.353
565,514-37-2845,4,2,99.25,9.925
566,698-98-5964,4,10,81.21,40.605
567,718-57-9773,4,10,49.33,24.665
568,651-88-7328,4,9,65.74,29.583
569,241-11-2261,4,7,79.86,27.951
570,408-26-9866,4,7,73.98,25.893
571,834-83-1826,4,5,82.04,20.51
572,343-61-3544,4,10,26.67,13.335
573,239-48-4278,4,7,10.13,3.5455
574,355-34-6244,4,2,72.39,7.239
575,550-84-8664,4,5,85.91,21.4775
576,339-96-8318,4,7,81.31,28.4585
577,458-61-0011,4,4,60.3,12.06
578,592-34-6155,4,4,31.77,6.354
579,797-88-0493,4,4,64.27,12.854
580,207-73-1363,4,2,69.51,6.951
581,390-31-6381,4,3,27.22,4.083
582,443-82-0585,4,4,77.68,15.536
583,339-18-7061,4,2,92.98,9.298
584,359-90-3665,4,4,18.08,3.616
585,375-72-3056,4,3,63.06,9.459
586,127-47-6963,4,4,51.71,10.342
587,278-86-2735,4,3,52.34,7.851
588,695-28-6250,4,5,43.06,10.765
589,379-17-6588,4,10,59.61,29.805
590,227-50-3718,4,5,14.62,3.655
591,302-15-2162,4,6,46.53,13.959
592,788-07-8452,4,7,24.24,8.484
593,560-49-6611,4,1,45.58,2.279
594,880-35-0356,4,3,75.2,11.28
595,585-11-6748,4,3,96.8,14.52
596,470-31-3286,4,3,14.82,2.223
597,152-68-2907,4,3,52.2,7.83
598,123-35-4896,4,9,46.66,20.997
599,258-69-7810,4,5,36.85,9.2125
600,334-64-2006,4,2,70.32,7.032
601,219-61-4139,4,1,83.08,4.154
602,881-41-7302,4,1,64.99,3.2495
603,373-09-4567,4,10,77.56,38.78
604,642-30-6693,4,6,54.51,16.353
605,484-22-8230,4,7,51.89,18.1615
606,830-58-2383,4,4,31.75,6.35
607,559-98-9873,4,7,53.65,18.7775
608,544-32-5024,4,4,49.79,9.958
609,318-12-0304,4,1,30.61,1.5305
610,349-97-8902,4,2,57.89,5.789
611,421-95-9805,4,1,28.96,1.448
612,277-35-5865,4,9,98.97,44.5365
613,789-23-8625,4,3,93.22,13.983
614,284-54-4231,4,1,80.93,4.0465
615,443-59-0061,4,10,67.45,33.725
616,509-29-3912,4,9,38.72,17.424
617,327-40-9673,4,6,72.6,21.78
618,840-19-2096,4,5,87.91,21.9775
619,828-46-6863,4,6,98.53,29.559
620,641-96-3695,4,6,43.46,13.038
621,420-97-3340,4,3,71.68,10.752
622,436-54-4512,4,1,91.61,4.5805
623,670-79-6321,4,7,94.59,33.1065
624,852-62-7105,4,10,83.25,41.625
625,598-06-7312,4,1,91.35,4.5675
626,135-13-8269,4,2,78.88,7.888
627,816-57-2053,4,2,60.87,6.087
628,628-90-8624,4,10,82.58,41.29
629,856-66-2701,4,3,53.3,7.995
630,308-39-1707,4,1,12.09,0.6045
631,149-61-1929,4,10,64.19,32.095
632,655-07-2265,4,3,78.31,11.7465
633,589-02-8023,4,2,83.77,8.377
634,420-04-7590,4,3,99.7,14.955
635,182-88-2763,4,3,79.91,11.9865
636,188-55-0967,4,10,66.47,33.235
637,610-46-4100,4,7,28.95,10.1325
638,318-81-2368,4,1,46.2,2.31
639,364-33-8584,4,5,17.63,4.4075
640,665-63-9737,4,3,52.42,7.863
641,695-09-5146,4,3,98.79,14.8185
642,155-45-3814,4,8,88.55,35.42
643,794-32-2436,4,2,55.67,5.567
644,131-15-8856,4,8,72.52,29.008
645,273-84-2164,4,5,12.05,3.0125
646,706-36-6154,4,9,19.36,8.712
647,778-89-7974,4,6,70.21,21.063
648,574-31-8277,4,1,33.63,1.6815
649,859-71-0933,4,2,15.49,1.549
650,740-11-5257,4,10,24.74,12.37
651,369-82-2676,4,5,75.66,18.915
652,563-47-4072,4,6,55.81,16.743
653,742-04-5161,4,10,72.78,36.39
654,149-15-7606,4,9,37.32,16.794
655,133-77-3154,4,4,60.18,12.036
656,169-52-4504,4,3,15.69,2.3535
657,250-81-7186,4,1,99.69,4.9845
658,562-12-5430,4,3,88.15,13.2225
659,816-72-8853,4,5,27.93,6.9825
660,491-38-3499,4,1,55.45,2.7725
661,322-02-2271,4,3,42.97,6.4455
662,842-29-4695,4,7,17.14,5.999
663,725-67-2480,4,6,58.75,17.625
664,641-51-2661,4,10,87.1,43.55
665,714-02-3114,4,2,98.8,9.88
666,518-17-2983,4,4,48.63,9.726
667,779-42-2410,4,3,57.74,8.661
668,190-14-3147,4,4,17.97,3.594
669,408-66-6712,4,6,47.71,14.313
670,679-22-6530,4,2,40.62,4.062
671,588-47-8641,4,10,56.04,28.02
672,642-61-4706,4,2,93.4,9.34
673,576-31-4774,4,3,73.41,11.0115
674,556-41-6224,5,8,33.64,13.456
675,811-03-8790,5,10,45.48,22.74
676,242-11-3142,5,2,83.77,8.377
677,752-23-3760,5,7,64.08,22.428
678,274-05-5470,5,4,73.47,14.694
679,648-94-3045,5,10,58.95,29.475
680,130-67-4723,5,6,48.5,14.55
681,528-87-5606,5,1,39.48,1.974
682,320-85-2052,5,1,34.81,1.7405
683,370-96-0655,5,6,49.32,14.796
684,105-10-6182,5,2,21.48,2.148
685,510-79-0415,5,6,23.08,6.924
686,241-96-5076,5,2,49.1,4.91
687,767-97-4650,5,2,64.83,6.483
688,648-83-1321,5,10,63.56,31.78
689,173-57-2300,5,2,72.88,7.288
690,305-03-2383,5,3,67.1,10.065
691,394-55-6384,5,9,70.19,31.5855
692,266-20-6657,5,7,55.04,19.264
693,689-05-1884,5,10,48.63,24.315
694,196-01-2849,5,7,73.38,25.683
695,372-62-5264,5,9,52.6,23.67
696,800-09-8606,5,5,87.37,21.8425
697,182-52-7000,5,4,27.04,5.408
698,826-58-8051,5,4,62.19,12.438
699,868-06-0466,5,9,69.58,31.311
700,751-41-9720,5,10,97.5,48.75
701,626-43-7888,5,8,60.41,24.164
702,176-64-7711,5,3,32.32,4.848
703,191-29-0321,5,10,19.77,9.885
704,729-06-2010,5,9,80.47,36.2115
705,640-48-5028,5,9,88.39,39.7755
706,186-79-9562,5,7,71.77,25.1195
707,834-45-5519,5,4,43,8.6
708,162-65-8559,5,1,68.98,3.449
709,760-27-5490,5,8,15.62,6.248
710,445-30-9252,5,3,25.7,3.855
711,786-94-2700,5,6,80.62,24.186
712,728-88-7867,5,4,75.53,15.106
713,183-21-3799,5,9,77.63,34.9335
714,268-20-3585,5,9,13.85,6.2325
715,735-32-9839,5,8,98.7,39.48
716,258-92-7466,5,5,35.68,8.92
717,857-16-3520,5,7,71.46,25.011
718,482-17-1179,5,3,11.94,1.791
719,788-21-5741,5,3,45.38,6.807
720,821-14-9046,5,6,17.48,5.244
721,418-05-0656,5,7,25.56,8.946
722,678-79-0726,5,9,90.63,40.7835
723,776-68-1096,5,3,44.12,6.618
724,592-46-1692,5,7,36.77,12.8695
725,434-35-9162,5,4,23.34,4.668
726,149-14-0304,5,8,28.5,11.4
727,442-44-6497,5,3,55.57,8.3355
728,174-64-0215,5,10,69.74,34.87
729,210-74-9613,5,4,97.26,19.452
730,299-29-0180,5,7,52.18,18.263
731,247-11-2470,5,4,22.32,4.464
732,635-28-5728,5,3,56,8.4
733,756-49-0168,5,1,19.7,0.985
734,438-23-1242,5,7,75.88,26.558
735,238-45-6950,5,1,53.72,2.686
736,607-65-2441,5,10,81.95,40.975
737,386-27-7606,5,7,81.2,28.42
738,137-63-5492,5,10,58.76,29.38
739,197-77-7132,5,8,91.56,36.624
740,805-86-0265,5,9,93.96,42.282
741,733-29-1227,5,7,55.61,19.4635
742,451-73-2711,5,1,84.83,4.2415
743,373-14-0504,5,2,71.63,7.163
744,546-80-2899,5,2,37.69,3.769
745,345-68-9016,5,8,31.67,12.668
746,390-17-5806,5,1,38.42,1.921
747,457-13-1708,5,10,65.23,32.615
748,664-14-2882,5,5,10.53,2.6325
749,487-79-6868,5,9,12.29,5.5305
750,314-23-4520,5,7,81.23,28.4305
751,210-30-7976,5,4,22.32,4.464
752,585-86-8361,5,5,27.28,6.82
753,807-14-7833,5,10,17.42,8.71
754,775-72-1988,5,5,73.28,18.32
755,288-38-3758,5,3,84.87,12.7305
756,652-43-6591,5,8,97.29,38.916
757,785-96-0615,5,8,35.74,14.296
758,406-46-7107,5,6,96.52,28.956
759,250-17-5703,5,10,18.85,9.425
760,156-95-3964,5,4,55.39,11.078
761,842-40-8179,5,10,77.2,38.6
762,525-09-8450,5,10,72.13,36.065
763,410-67-1709,5,8,63.88,25.552
764,587-73-4862,5,5,10.69,2.6725
765,787-87-2010,5,4,55.5,11.1
766,593-14-4239,5,8,95.46,38.184
767,801-88-0346,5,3,76.06,11.409
768,388-76-2555,5,6,13.69,4.107
769,711-31-1234,5,4,95.64,19.128
770,886-54-6089,5,6,11.43,3.429
771,707-32-7409,5,4,95.54,19.108
772,759-98-4285,5,7,85.87,30.0545
773,201-63-8275,5,7,67.99,23.7965
774,471-06-8611,5,1,52.42,2.621
775,200-16-5952,5,2,65.65,6.565
776,120-54-2248,5,5,28.86,7.215
777,102-77-2261,5,7,65.31,22.8585
778,875-31-8302,5,1,93.38,4.669
779,102-06-2002,5,5,25.25,6.3125
780,457-94-0464,5,9,87.87,39.5415
781,629-42-4133,5,8,21.8,8.72
782,534-53-3526,5,4,94.76,18.952
783,307-04-2070,5,1,30.62,1.531
784,468-99-7231,5,8,44.01,17.604
785,516-77-6464,5,5,10.16,2.54
786,404-91-5964,5,7,74.58,26.103
787,886-77-9084,5,8,71.89,28.756
788,790-38-4466,5,5,10.99,2.7475
789,704-10-4056,5,3,60.47,9.0705
790,497-37-6538,5,7,58.91,20.6185
791,651-96-5970,5,1,46.41,2.3205
792,400-80-4065,5,4,68.55,13.71
793,744-16-7898,5,10,97.37,48.685
794,263-12-5321,5,7,92.6,32.41
795,702-72-0487,5,2,46.61,4.661
796,605-83-1050,5,2,27.18,2.718
797,443-60-9639,5,1,60.87,3.0435
798,864-24-7918,5,10,24.49,12.245
799,359-94-5395,5,1,92.78,4.639
800,401-09-4232,5,5,86.69,21.6725
801,751-15-6198,5,6,23.01,6.903
802,324-41-6833,5,8,30.2,12.08
803,474-33-8305,5,7,67.39,23.5865
804,759-29-9521,5,9,48.96,22.032
805,831-81-6575,5,9,75.59,34.0155
806,220-68-6701,5,4,77.47,15.494
807,618-34-8551,5,2,93.18,9.318
808,257-60-7754,5,4,50.23,10.046
809,559-61-5987,5,1,17.75,0.8875
810,189-55-2313,5,10,62.18,31.09
811,565-91-4567,5,8,10.75,4.3
812,380-60-5336,5,10,40.26,20.13
813,815-04-6282,5,5,64.97,16.2425
814,674-56-6360,5,1,95.15,4.7575
815,778-34-2523,5,8,48.62,19.448
816,499-27-7781,5,8,53.21,21.284
817,477-59-2456,5,7,45.44,15.904
818,832-51-6761,5,8,33.88,13.552
819,869-11-3082,5,4,96.16,19.232
820,190-59-3964,5,5,47.16,11.79
821,366-43-6862,5,4,52.89,10.578
822,186-43-8965,5,2,47.68,4.768
823,784-21-9238,5,1,10.17,0.5085
824,276-75-6884,5,3,68.71,10.3065
825,109-86-4363,5,7,60.08,21.028
826,569-76-2760,5,4,22.01,4.402
827,222-42-0244,5,9,72.11,32.4495
828,760-53-9233,5,3,41.28,6.192
829,538-22-0304,5,10,64.95,32.475
830,416-17-9926,5,10,74.22,37.11
831,237-44-6163,5,8,10.56,4.224
832,636-17-0325,5,4,62.57,12.514
833,343-75-9322,5,8,11.85,4.74
834,528-14-9470,4,1,91.3,4.565
835,427-45-9297,6,7,40.73,14.2555
836,807-34-3742,6,1,52.38,2.619
837,288-62-1085,6,5,38.54,9.635
838,670-71-7306,6,6,44.63,13.389
839,660-29-7083,6,10,55.87,27.935
840,271-77-8740,6,6,29.22,8.766
841,497-36-0989,6,3,51.94,7.791
842,291-59-1384,6,1,60.3,3.015
843,860-73-6466,6,2,39.47,3.947
844,549-23-9016,6,2,14.87,1.487
845,896-34-0956,6,1,21.32,1.066
846,804-38-3935,6,3,93.78,14.067
847,585-90-0249,6,1,73.26,3.663
848,862-29-5914,6,1,22.38,1.119
849,845-94-6841,6,9,72.88,32.796
850,125-45-2293,6,6,99.1,29.73
851,843-73-4724,6,1,74.1,3.705
852,409-33-9708,6,2,98.48,9.848
853,658-66-3967,6,7,53.19,18.6165
854,866-70-2814,6,10,52.79,26.395
855,160-22-2687,6,5,95.95,23.9875
856,895-03-6665,6,9,36.51,16.4295
857,770-42-8960,6,8,21.12,8.448
858,748-45-2862,6,4,28.31,5.662
859,234-36-2483,6,6,57.59,17.277
860,316-66-3011,6,9,47.63,21.4335
861,848-95-6252,6,1,86.27,4.3135
862,840-76-5966,6,2,12.76,1.276
863,152-03-4217,6,9,11.28,5.076
864,533-66-5566,6,7,51.07,17.8745
865,124-31-1458,6,3,79.59,11.9385
866,176-78-1170,6,3,33.81,5.0715
867,361-59-0574,6,8,90.53,36.212
868,101-81-4070,6,2,62.82,6.282
869,631-34-1880,6,3,24.31,3.6465
870,852-82-2749,6,4,64.59,12.918
871,873-14-6353,6,7,24.82,8.687
872,584-66-4073,6,1,56.5,2.825
873,544-55-9589,6,10,21.43,10.715
874,166-19-2553,6,6,89.06,26.718
875,737-88-5876,6,4,23.29,4.658
876,154-87-7367,6,8,65.26,26.104
877,885-56-0389,6,1,52.35,2.6175
878,608-05-3804,6,1,39.75,1.9875
879,448-61-3783,6,8,90.02,36.008
880,761-49-0439,6,8,12.1,4.84
881,490-95-0021,6,10,33.21,16.605
882,115-38-7388,6,8,10.18,4.072
883,311-13-6971,6,10,31.99,15.995
884,291-55-6563,6,6,34.42,10.326
885,548-48-3156,6,2,83.34,8.334
886,460-93-5834,6,7,45.58,15.953
887,325-89-4209,6,1,87.9,4.395
888,884-80-6021,6,10,73.47,36.735
889,137-74-8729,6,8,12.19,4.876
890,880-46-5796,6,10,76.92,38.46
891,389-70-2397,6,5,83.66,20.915
892,114-35-5271,6,8,57.91,23.164
893,607-76-6216,6,5,92.49,23.1225
894,715-20-1673,6,5,28.38,7.095
895,811-35-1094,6,6,50.45,15.135
896,699-88-1972,6,8,99.16,39.664
897,781-84-8059,6,7,60.74,21.259
898,409-49-6995,6,6,47.27,14.181
899,725-54-0677,6,7,85.6,29.96
900,146-09-5432,6,9,35.04,15.768
901,377-79-7592,6,9,44.84,20.178
902,509-10-0516,6,4,45.97,9.194
903,595-94-9924,6,5,27.73,6.9325
904,865-41-9075,6,7,11.53,4.0355
905,545-07-8534,6,2,58.32,5.832
906,118-62-1812,6,4,78.38,15.676
907,450-42-3339,6,10,84.61,42.305
908,851-98-3555,6,5,82.88,20.72
909,186-71-5196,6,2,79.54,7.954
910,624-01-8356,6,10,49.01,24.505
911,313-66-9943,6,3,29.15,4.3725
912,151-27-8496,6,4,56.13,11.226
913,453-33-6436,6,8,93.12,37.248
914,522-57-8364,6,8,51.34,20.536
915,459-45-2396,6,3,99.6,14.94
916,717-96-4189,6,6,35.49,10.647
917,722-13-2115,6,1,42.85,2.1425
918,749-81-8133,6,4,94.67,18.934
919,777-67-2495,6,3,68.97,10.3455
920,636-98-3364,6,3,26.26,3.939
921,246-55-6923,6,9,35.79,16.1055
922,181-82-6255,6,6,16.37,4.911
923,838-02-1821,6,2,12.73,1.273
924,887-42-0517,6,7,83.14,29.099
925,457-12-0244,6,6,35.22,10.566
926,226-34-0034,6,4,13.78,2.756
927,321-49-7382,6,1,88.31,4.4155
928,397-25-8725,6,9,39.62,17.829
929,431-66-2305,6,9,88.25,39.7125
930,825-94-5922,6,2,25.31,2.531
931,641-62-7288,6,6,99.92,29.976
932,756-93-1854,6,2,83.35,8.335
933,243-55-8457,6,10,74.44,37.22
934,458-10-8612,6,7,64.08,22.428
935,501-61-1753,6,6,63.15,18.945
936,235-06-8510,6,3,85.72,12.858
937,433-08-7822,6,7,78.89,27.6115
938,361-85-2571,6,5,89.48,22.37
939,131-70-8179,6,3,92.09,13.8135
940,500-02-2261,6,6,57.29,17.187
941,720-72-2436,6,4,66.52,13.304
942,702-83-5291,6,9,99.82,44.919
943,809-69-9497,6,10,45.68,22.84
944,449-16-6770,6,5,50.79,12.6975
945,333-23-2632,6,7,10.08,3.528
946,489-82-1237,6,7,93.88,32.858
947,859-97-6048,6,2,84.25,8.425
948,676-10-2200,6,1,53.78,2.689
949,373-88-1424,6,5,35.81,8.9525
950,365-16-4334,6,8,26.43,10.572
951,503-21-4385,6,3,39.91,5.9865
952,305-89-2768,6,3,21.9,3.285
953,574-80-1489,6,4,62.85,12.57
954,784-08-0310,6,4,21.04,4.208
955,200-40-6154,6,6,65.91,19.773
956,846-10-0341,6,7,42.57,14.8995
957,577-34-7579,6,9,50.49,22.7205
958,430-02-3888,6,6,46.02,13.806
959,867-47-1948,6,10,15.8,7.9
960,384-59-6655,6,9,98.66,44.397
961,256-58-3609,6,1,91.98,4.599
962,324-92-3863,6,2,20.89,2.089
963,593-08-5916,6,1,15.5,0.775
964,364-34-2972,6,3,96.82,14.523
965,794-42-3736,6,2,33.33,3.333
966,172-42-8274,6,2,38.27,3.827
967,558-60-5016,6,9,33.3,14.985
968,195-06-0432,6,3,81.01,12.1515
969,605-03-2706,6,3,15.8,2.37
970,214-30-2776,6,5,34.49,8.6225
971,746-04-1077,6,10,84.63,42.315
972,448-34-8700,6,7,36.91,12.9185
973,452-04-8808,6,7,87.08,30.478
974,531-56-4728,6,3,80.08,12.012
975,744-82-9138,6,2,86.13,8.613
976,883-69-1285,6,2,49.92,4.992
977,221-25-5073,6,4,74.66,14.932
978,518-71-6847,6,6,26.6,7.98
979,156-20-0370,6,1,25.45,1.2725
980,151-33-7434,6,1,67.77,3.3885
981,728-47-9078,6,4,59.59,11.918
982,809-46-1866,6,4,58.15,11.63
983,139-32-4183,6,9,97.48,43.866
984,148-41-7930,6,7,99.96,34.986
985,189-40-5216,6,7,96.37,33.7295
986,374-38-5555,6,5,63.71,15.9275
987,764-44-8999,6,2,14.76,1.476
988,552-44-5977,6,8,62,24.8
989,267-62-7380,6,10,82.34,41.17
990,430-53-4718,6,8,75.37,30.148
991,886-18-2897,6,5,56.56,14.14
992,602-16-6955,6,10,76.6,38.3
993,745-74-0715,6,2,58.03,5.803
994,690-01-6631,6,10,17.49,8.745
995,652-49-6720,6,1,60.95,3.0475
996,233-67-5758,6,1,40.35,2.0175
997,303-96-2227,6,10,97.38,48.69
998,727-02-1313,6,1,31.84,1.592
999,347-56-2442,6,1,65.82,3.291
1000,849-09-3807,6,7,88.34,30.919
