Sale_ID,Date,Customer_ID,Total,Payment,Promotion_ID
346-12-3257,2019-10-07,CUST400,181.818,Cash,0
462-67-9126,2019-01-25,CUST364,461.286,Cash,0
565-80-5980,2019-01-25,CUST091,198.996,Cash,0
597-78-7908,2019-10-08,CUST136,284.193,Cash,0
834-25-9262,2019-10-08,CUST366,343.056,Cash,0
200-16-5952,2019-10-09,CUST775,137.865,Cash,0
533-33-5337,2019-10-09,CUST458,833.595,Cash,0
466-61-5506,2019-10-11,CUST229,571.41,Cash,0
660-29-7083,2019-01-31,CUST839,586.635,Cash,0
870-54-3162,2019-01-31,CUST127,169.3125,Cash,0
326-71-2155,2019-10-14,CUST463,310.59,Cash,0
299-46-1805,2019-02-04,CUST016,590.436,Cash,0
651-88-7328,2019-10-19,CUST568,621.243,Cash,0
210-57-1719,2019-10-20,CUST553,550.368,Cash,0
532-59-7201,2019-02-07,CUST311,503.559,Cash,0
234-65-2137,2019-10-21,CUST167,1003.59,Cash,0
709-58-4068,2019-10-22,CUST487,431.445,Cash,0
577-34-7579,2019-10-24,CUST957,477.1305,Cash,0
745-71-3520,2019-10-24,CUST420,185.367,Cash,0
655-85-5130,2019-10-25,CUST263,160.86,Cash,0
841-35-6630,2019-10-25,CUST074,478.233,Cash,0
340-21-9136,2019-02-12,CUST472,168.21,Cash,0
784-08-0310,2019-02-12,CUST954,88.368,Cash,0
324-92-3863,2019-10-26,CUST962,43.869,Cash,0
443-82-0585,2019-02-13,CUST582,326.256,Cash,0
800-09-8606,2019-02-14,CUST696,458.6925,Cash,0
389-70-2397,2019-10-28,CUST891,439.215,Cash,0
585-11-6748,2019-10-28,CUST595,304.92,Cash,0
162-48-8011,2019-02-15,CUST052,234.0975,Cash,0
244-08-0162,2019-10-29,CUST411,359.205,Cash,0
318-81-2368,2019-11-02,CUST638,48.51,Cash,0
548-48-3156,2019-11-02,CUST885,175.014,Cash,0
525-88-7307,2019-02-20,CUST386,79.611,Cash,0
817-48-8732,2019-11-03,CUST059,759.675,Cash,0
275-28-0149,2019-11-03,CUST162,66.8745,Cash,0
846-10-0341,2019-11-04,CUST956,312.8895,Cash,0
125-45-2293,2019-11-04,CUST850,624.33,Cash,0
423-64-4619,2019-11-05,CUST314,146.9475,Cash,0
124-31-1458,2019-11-05,CUST865,250.7085,Cash,0
687-15-1097,2019-02-25,CUST272,44.352,Cash,0
307-83-9164,2019-02-25,CUST299,252.042,Cash,0
364-33-8584,2019-11-08,CUST639,92.5575,Cash,0
805-86-0265,2019-11-08,CUST740,887.922,Cash,0
866-05-7563,2019-11-09,CUST247,256.41,Cash,0
340-66-0321,2019-11-09,CUST330,152.712,Cash,0
316-68-6352,2019-11-10,CUST294,76.356,Cash,0
280-17-4359,2019-02-28,CUST142,950.25,Cash,0
741-73-3559,2019-02-28,CUST429,353.1675,Cash,0
459-45-2396,2019-03-01,CUST915,313.74,Cash,1
608-05-3804,2019-03-01,CUST878,41.7375,Cash,1
234-36-2483,2019-11-12,CUST859,362.817,Cash,0
778-34-2523,2019-11-13,CUST815,408.408,Cash,0
354-25-5821,2019-11-14,CUST043,435.456,Cash,0
477-59-2456,2019-03-04,CUST817,333.984,Cash,1
110-48-7033,2019-11-15,CUST256,137.004,Cash,0
418-05-0656,2019-11-16,CUST721,187.866,Cash,0
740-11-5257,2019-11-16,CUST650,259.77,Cash,0
831-81-6575,2019-11-16,CUST805,714.3255,Cash,0
484-22-8230,2019-11-16,CUST605,381.3915,Cash,0
269-04-5750,2019-03-06,CUST234,310.044,Cash,1
173-57-2300,2019-11-17,CUST689,153.048,Cash,0
574-31-8277,2019-11-17,CUST648,35.3115,Cash,0
213-32-1216,2019-11-17,CUST550,416.178,Cash,0
778-89-7974,2019-11-18,CUST647,442.323,Cash,0
441-94-7118,2019-03-08,CUST347,75.5475,Cash,1
389-25-3394,2019-03-09,CUST223,62.0025,Cash,1
390-31-6381,2019-11-20,CUST581,85.743,Cash,0
529-56-3974,2019-03-10,CUST012,107.142,Cash,1
715-20-1673,2019-03-12,CUST894,148.995,Cash,1
539-21-7227,2019-03-14,CUST549,270.585,Cash,1
592-46-1692,2019-03-14,CUST724,270.2595,Cash,1
498-41-1961,2019-11-25,CUST286,350.07,Cash,0
853-23-2453,2019-03-15,CUST065,318.108,Cash,1
559-61-5987,2019-11-26,CUST809,18.6375,Cash,0
396-90-2219,2019-11-26,CUST305,125.664,Cash,0
849-09-3807,2019-03-16,CUST1000,649.299,Cash,1
447-15-7839,2019-03-16,CUST264,233.52,Cash,1
830-58-2383,2019-03-16,CUST606,133.35,Cash,1
848-42-2560,2019-03-16,CUST310,172.011,Cash,1
122-61-9553,2019-11-27,CUST367,484.974,Cash,0
401-18-8016,2019-03-17,CUST499,103.0365,Cash,1
237-44-6163,2019-11-28,CUST831,88.704,Cash,0
544-55-9589,2019-03-18,CUST873,225.015,Cash,1
740-22-2500,2019-11-29,CUST422,264.7575,Cash,4
551-21-3069,2019-03-19,CUST103,218.0115,Cash,1
891-01-7034,2019-11-30,CUST451,470.673,Cash,0
861-77-0145,2019-03-20,CUST110,860.685,Cash,1
372-62-5264,2019-03-22,CUST695,497.07,Cash,1
286-43-6208,2019-12-04,CUST193,829.71,Cash,0
387-49-4215,2019-12-04,CUST507,152.775,Cash,0
770-42-8960,2019-12-04,CUST857,177.408,Cash,0
674-56-6360,2019-03-24,CUST814,99.9075,Cash,1
360-39-5055,2019-03-24,CUST085,256.7775,Cash,1
162-65-8559,2019-12-06,CUST708,72.429,Cash,0
226-71-3580,2019-12-06,CUST288,224.4375,Cash,0
462-78-5240,2019-12-07,CUST382,55.881,Cash,0
198-84-7132,2019-12-08,CUST426,383.7645,Cash,0
537-72-0426,2019-03-28,CUST279,745.395,Cash,1
891-58-8335,2019-03-28,CUST215,217.6335,Cash,1
554-42-2417,2019-12-09,CUST358,1002.12,Cash,0
388-76-2555,2019-12-09,CUST768,86.247,Cash,0
362-58-8315,2019-03-29,CUST087,401.73,Cash,1
864-24-7918,2019-03-29,CUST798,257.145,Cash,1
166-19-2553,2019-03-29,CUST874,561.078,Cash,1
692-27-8933,2019-12-10,CUST338,365.085,Cash,0
241-72-9525,2019-03-31,CUST139,545.055,Cash,1
640-48-5028,2019-12-12,CUST705,835.2855,Cash,0
258-69-7810,2019-04-01,CUST599,193.4625,Cash,0
430-02-3888,2019-04-02,CUST958,289.926,Cash,0
733-01-9107,2019-12-15,CUST100,521.01,Cash,5
531-80-1784,2019-04-04,CUST349,191.247,Cash,0
725-32-9708,2019-04-04,CUST408,288.582,Cash,0
227-50-3718,2019-04-04,CUST590,76.755,Cash,0
560-30-5617,2019-12-16,CUST217,130.0425,Cash,5
676-39-6028,2019-12-16,CUST475,338.31,Cash,5
276-75-6884,2019-04-05,CUST824,216.4365,Cash,0
434-83-9547,2019-04-05,CUST182,323.148,Cash,0
189-98-2939,2019-12-17,CUST102,742.2975,Cash,5
191-10-6171,2019-12-17,CUST131,291.207,Cash,5
174-75-0888,2019-12-17,CUST561,203.931,Cash,5
733-33-4967,2019-04-06,CUST173,175.14,Cash,0
316-66-3011,2019-04-06,CUST860,450.1035,Cash,0
382-03-4532,2019-12-19,CUST070,19.2465,Cash,5
135-13-8269,2019-12-19,CUST626,165.648,Cash,5
531-56-4728,2019-12-19,CUST974,252.252,Cash,5
226-31-3081,2019-04-08,CUST002,80.22,Cash,0
452-04-8808,2019-04-08,CUST973,640.038,Cash,0
394-55-6384,2019-04-09,CUST691,663.2955,Cash,0
530-90-9855,2019-12-21,CUST246,399.756,Cash,5
622-20-1945,2019-04-10,CUST322,41.391,Cash,0
227-07-4446,2019-12-22,CUST315,820.365,Cash,5
406-46-7107,2019-04-11,CUST758,608.076,Cash,0
134-75-2619,2019-04-12,CUST555,142.002,Cash,0
593-95-4461,2019-12-24,CUST287,78.603,Cash,5
744-09-5786,2019-04-13,CUST452,138.663,Cash,0
563-47-4072,2019-04-13,CUST652,351.603,Cash,0
845-94-6841,2019-04-14,CUST849,688.716,Cash,0
220-68-6701,2019-12-26,CUST806,325.374,Cash,5
150-89-8043,2019-04-15,CUST345,140.6475,Cash,0
784-21-9238,2019-04-15,CUST823,10.6785,Cash,0
274-05-5470,2019-12-27,CUST678,308.574,Cash,5
148-41-7930,2019-12-27,CUST984,734.706,Cash,5
277-35-5865,2019-04-16,CUST612,935.2665,Cash,0
868-52-7573,2019-12-28,CUST383,523.3725,Cash,5
735-06-4124,2019-12-28,CUST303,51.0405,Cash,5
729-06-2010,2019-04-18,CUST704,760.4415,Cash,0
603-07-0961,2019-04-19,CUST318,392.6475,Cash,0
867-47-1948,2019-04-20,CUST959,165.9,Cash,0
689-05-1884,2020-01-01,CUST693,510.615,Cash,0
578-80-7669,2019-04-21,CUST360,78.7185,Cash,0
347-56-2442,2019-04-21,CUST999,69.111,Cash,0
749-81-8133,2020-01-03,CUST918,397.614,Cash,0
120-06-4233,2020-01-03,CUST060,192.843,Cash,0
633-91-1052,2019-04-23,CUST274,25.263,Cash,0
714-02-3114,2020-01-04,CUST665,207.48,Cash,0
725-96-3778,2020-01-04,CUST348,749.7,Cash,0
695-51-0018,2019-04-24,CUST133,146.328,Cash,0
542-41-0513,2020-01-05,CUST202,241.458,Cash,0
221-25-5073,2020-01-06,CUST977,313.572,Cash,0
490-29-1201,2019-04-26,CUST283,16.107,Cash,0
504-35-8843,2019-04-28,CUST089,44.5935,Cash,0
189-52-0236,2020-01-09,CUST514,731.6925,Cash,0
868-81-1752,2020-01-10,CUST331,208.089,Cash,0
617-15-4209,2019-04-30,CUST045,32.277,Cash,0
326-78-5178,2019-04-30,CUST051,671.79,Cash,0
760-54-1821,2020-01-11,CUST398,128.4255,Cash,0
649-29-6775,2020-01-11,CUST027,35.196,Cash,0
649-11-3678,2020-01-12,CUST321,216.6885,Cash,0
436-54-4512,2020-01-12,CUST622,96.1905,Cash,0
132-32-9879,2020-01-12,CUST046,394.632,Cash,0
885-56-0389,2019-05-02,CUST877,54.9675,Cash,0
767-54-1907,2019-05-02,CUST456,155.19,Cash,0
290-68-2984,2020-01-13,CUST254,99.75,Cash,0
489-64-4354,2020-01-13,CUST425,17.094,Cash,0
343-75-9322,2019-05-03,CUST833,99.54,Cash,0
130-98-8941,2020-01-14,CUST181,472.311,Cash,0
873-95-4984,2020-01-15,CUST343,565.215,Cash,0
212-62-1842,2020-01-15,CUST104,367.038,Cash,0
428-83-5800,2020-01-15,CUST317,66.402,Cash,0
200-40-6154,2020-01-16,CUST955,415.233,Cash,0
563-91-7120,2019-05-06,CUST324,324.2925,Cash,0
727-75-6477,2019-05-07,CUST297,121.128,Cash,0
725-54-0677,2019-05-07,CUST899,629.16,Cash,0
232-11-3025,2020-01-18,CUST069,827.085,Cash,0
566-71-1091,2020-01-18,CUST333,404.355,Cash,0
759-29-9521,2020-01-18,CUST804,462.672,Cash,0
807-34-3742,2020-01-19,CUST836,54.999,Cash,0
453-33-6436,2020-01-19,CUST913,782.208,Cash,0
409-49-6995,2019-05-09,CUST898,297.801,Cash,0
815-11-1168,2019-05-10,CUST327,523.845,Cash,0
865-41-9075,2020-01-21,CUST904,84.7455,Cash,0
217-58-1179,2019-05-11,CUST244,263.13,Cash,0
390-17-5806,2019-05-11,CUST746,40.341,Cash,0
613-59-9758,2020-01-22,CUST369,150.78,Cash,0
816-72-8853,2020-01-22,CUST659,146.6325,Cash,0
560-49-6611,2020-01-23,CUST593,47.859,Cash,0
256-58-3609,2019-05-13,CUST961,96.579,Cash,0
320-49-6392,2019-05-14,CUST355,31.752,Cash,0
571-94-0759,2019-05-14,CUST268,783.3,Cash,0
541-08-3113,2019-05-14,CUST481,554.148,Cash,0
796-12-2025,2019-05-15,CUST072,652.26,Cash,0
642-61-4706,2019-05-15,CUST672,196.14,Cash,0
554-53-3790,2019-05-15,CUST468,233.226,Cash,0
213-72-6612,2019-05-15,CUST225,90.825,Cash,0
895-03-6665,2020-01-26,CUST856,345.0195,Cash,0
639-76-1242,2020-01-26,CUST461,212.73,Cash,0
305-18-3552,2020-01-26,CUST484,633.99,Cash,0
786-94-2700,2019-05-16,CUST711,507.906,Cash,0
299-29-0180,2020-01-28,CUST730,383.523,Cash,0
400-89-4171,2019-05-18,CUST155,680.148,Cash,0
343-61-3544,2019-05-18,CUST572,280.035,Cash,0
450-28-2866,2019-05-21,CUST441,91.56,Cash,0
538-22-0304,2019-05-21,CUST829,681.975,Cash,0
565-67-6697,2020-02-01,CUST354,255.15,Cash,0
384-59-6655,2019-05-22,CUST960,932.337,Cash,0
711-31-1234,2020-02-02,CUST769,401.688,Cash,0
779-06-0012,2019-05-24,CUST300,93.0405,Cash,0
716-39-1409,2020-02-04,CUST105,223.0725,Cash,0
227-78-1148,2020-02-05,CUST113,535.374,Cash,0
278-97-7759,2020-02-05,CUST293,65.604,Cash,0
748-45-2862,2019-05-26,CUST858,118.902,Cash,0
354-39-5160,2019-05-26,CUST138,216.846,Cash,0
728-47-9078,2019-05-26,CUST981,250.278,Cash,0
272-27-9238,2020-02-06,CUST365,173.208,Cash,0
875-31-8302,2019-05-30,CUST778,98.049,Cash,0
131-70-8179,2020-02-10,CUST939,290.0835,Cash,0
541-89-9860,2019-05-31,CUST391,253.512,Cash,0
605-03-2706,2020-02-13,CUST969,49.77,Cash,0
848-24-9445,2020-02-14,CUST197,91.77,Cash,0
198-66-9832,2019-06-05,CUST557,151.284,Cash,2
732-04-5373,2019-06-06,CUST188,195.174,Cash,2
286-01-5402,2019-06-07,CUST307,295.6905,Cash,2
797-88-0493,2020-02-18,CUST579,269.934,Cash,0
796-32-9050,2019-06-09,CUST169,323.064,Cash,2
803-17-8013,2019-06-09,CUST308,745.836,Cash,2
420-18-8989,2019-06-09,CUST500,432.768,Cash,2
291-21-5991,2020-02-20,CUST509,321.7725,Cash,0
731-59-7531,2019-06-11,CUST474,609.588,Cash,2
399-46-5918,2019-06-12,CUST056,722.232,Cash,2
443-60-9639,2019-06-12,CUST797,63.9135,Cash,2
719-76-3868,2020-02-23,CUST328,395.892,Cash,0
630-74-5166,2020-02-24,CUST108,391.419,Cash,0
598-06-7312,2019-06-14,CUST625,95.9175,Cash,2
379-17-6588,2019-06-15,CUST589,625.905,Cash,2
877-22-3308,2019-06-16,CUST066,166.635,Cash,2
565-17-3836,2019-06-16,CUST285,200.214,Cash,2
809-46-1866,2019-06-17,CUST982,244.23,Cash,2
827-77-7633,2019-06-17,CUST530,926.9505,Cash,2
145-94-9061,2019-06-20,CUST029,463.89,Cash,2
291-59-1384,2019-06-21,CUST842,63.315,Cash,2
702-83-5291,2020-03-03,CUST942,943.299,Cash,0
742-04-5161,2019-06-24,CUST653,764.19,Cash,2
279-62-1445,2019-06-24,CUST224,13.167,Cash,2
418-02-5978,2019-06-26,CUST233,794.6505,Cash,2
118-62-1812,2019-06-27,CUST906,329.196,Cash,2
458-61-0011,2019-06-27,CUST577,253.26,Cash,2
246-11-3901,2019-06-29,CUST482,344.4,Cash,2
526-86-8552,2019-06-29,CUST277,229.11,Cash,2
689-16-9784,2019-07-01,CUST387,294.651,Cash,0
802-70-5316,2019-07-01,CUST132,580.419,Cash,0
554-53-8700,2019-07-02,CUST042,117.831,Cash,0
556-72-8512,2019-07-02,CUST489,24.108,Cash,0
717-96-4189,2019-07-04,CUST916,223.587,Cash,0
426-39-2418,2019-07-04,CUST203,451.3635,Cash,0
862-59-8517,2019-07-04,CUST498,568.512,Cash,0
789-23-8625,2019-07-04,CUST613,293.643,Cash,0
189-40-5216,2019-07-07,CUST985,708.3195,Cash,0
361-85-2571,2019-07-07,CUST938,469.77,Cash,0
848-62-7243,2019-07-07,CUST030,235.2105,Cash,0
733-29-1227,2020-03-19,CUST741,408.7335,Cash,0
382-25-8917,2019-07-08,CUST374,265.104,Cash,0
187-83-5490,2019-07-08,CUST455,87.234,Cash,0
333-23-2632,2019-07-08,CUST945,74.088,Cash,0
640-49-2076,2019-07-10,CUST033,703.752,Cash,0
173-82-9529,2019-07-16,CUST392,398.475,Cash,0
102-06-2002,2019-07-18,CUST779,132.5625,Cash,0
322-02-2271,2019-07-19,CUST661,135.3555,Cash,0
677-11-0152,2019-07-20,CUST212,881.307,Cash,0
628-90-8624,2019-07-21,CUST628,867.09,Cash,0
319-74-2561,2019-07-22,CUST218,298.116,Cash,0
629-42-4133,2019-07-23,CUST781,183.12,Cash,0
314-23-4520,2019-07-25,CUST750,597.0405,Cash,0
843-73-4724,2019-07-26,CUST851,77.805,Cash,0
556-97-7101,2019-07-26,CUST497,132.762,Cash,0
163-56-7055,2019-07-27,CUST101,51.1455,Cash,0
282-35-2475,2019-07-27,CUST504,195.951,Cash,0
871-39-9221,2019-07-27,CUST098,78.435,Cash,0
364-34-2972,2019-07-28,CUST964,304.983,Cash,0
289-65-5721,2019-07-29,CUST231,170.877,Cash,0
744-82-9138,2019-08-01,CUST975,180.873,Cash,3
106-35-6779,2019-08-03,CUST057,93.114,Cash,3
305-03-2383,2019-08-03,CUST690,211.365,Cash,3
318-68-5053,2019-08-13,CUST090,485.037,Cash,3
279-74-2924,2019-08-15,CUST157,75.7785,Cash,3
269-10-8440,2019-08-16,CUST427,390.7995,Cash,3
834-61-8124,2019-08-19,CUST352,379.9215,Cash,3
233-34-0817,2019-08-20,CUST470,103.782,Cash,3
451-28-5717,2019-08-21,CUST522,523.971,Cash,3
301-11-9629,2019-08-21,CUST445,140.385,Cash,3
149-14-0304,2019-08-22,CUST726,239.4,Cash,3
514-37-2845,2019-08-22,CUST565,208.425,Cash,3
196-01-2849,2019-08-22,CUST694,539.343,Cash,3
556-86-3144,2019-08-23,CUST196,78.0045,Cash,3
257-60-7754,2019-08-25,CUST808,210.966,Cash,3
829-34-3910,2019-08-25,CUST015,749.49,Cash,3
338-65-2210,2019-08-28,CUST143,720.3,Cash,3
114-35-5271,2019-08-29,CUST892,486.444,Cash,3
278-86-2735,2019-08-30,CUST587,164.871,Cash,3
132-23-6451,2019-09-02,CUST413,110.0925,Cash,0
327-40-9673,2019-09-04,CUST617,457.38,Cash,0
460-93-5834,2019-09-04,CUST886,335.013,Cash,0
211-05-0490,2019-09-06,CUST296,272.58,Cash,0
528-87-5606,2019-09-06,CUST681,41.454,Cash,0
174-36-3675,2019-09-08,CUST316,208.677,Cash,0
777-82-7220,2019-09-09,CUST040,253.008,Cash,0
582-52-8065,2019-09-11,CUST552,513.2295,Cash,0
896-34-0956,2019-09-12,CUST845,22.386,Cash,0
181-82-6255,2019-09-13,CUST922,103.131,Cash,0
632-32-4574,2019-09-13,CUST496,637.728,Cash,0
186-79-9562,2019-09-16,CUST706,527.5095,Cash,0
325-90-8763,2019-09-16,CUST459,488.985,Cash,0
859-71-0933,2019-09-16,CUST649,32.529,Cash,0
346-84-3103,2019-09-17,CUST239,69.405,Cash,0
468-99-7231,2019-09-17,CUST784,369.684,Cash,0
588-01-7461,2019-09-18,CUST109,321.111,Cash,0
704-11-6354,2019-09-19,CUST255,494.76,Cash,0
886-54-6089,2019-09-20,CUST770,72.009,Cash,0
133-14-7229,2019-01-09,CUST524,132.027,Cash,0
605-72-4132,2019-09-22,CUST362,793.548,Cash,0
430-60-3493,2019-09-22,CUST290,697.368,Cash,0
497-36-0989,2019-09-24,CUST841,163.611,Cash,0
648-83-1321,2019-09-24,CUST688,667.38,Cash,0
201-86-2184,2019-09-26,CUST371,193.011,Cash,0
678-79-0726,2019-09-26,CUST722,856.4535,Cash,0
636-17-0325,2019-09-27,CUST832,262.794,Cash,0
566-19-5475,2019-09-29,CUST276,352.5795,Cash,0
468-88-0009,2019-09-30,CUST368,276.948,Cash,0
756-01-7507,2019-09-30,CUST080,106.995,Cash,0
727-02-1313,2019-10-01,CUST998,33.432,Cash,0
533-66-5566,2019-01-19,CUST864,375.3645,Cash,0
149-71-6266,2019-10-03,CUST032,737.7615,Cash,0
242-11-3142,2019-10-05,CUST676,175.917,Cash,0
228-96-1411,2019-10-05,CUST044,829.08,Cash,0
320-32-8842,2019-10-05,CUST464,23.751,Cash,0
305-89-2768,2019-01-26,CUST952,68.985,Ewallet,0
809-69-9497,2019-10-10,CUST943,479.64,Ewallet,0
777-67-2495,2019-10-12,CUST919,217.2555,Ewallet,0
783-09-1637,2019-10-14,CUST271,354.0075,Ewallet,0
181-94-6432,2019-10-14,CUST312,145.593,Ewallet,0
283-26-5248,2019-10-15,CUST558,1034.46,Ewallet,0
249-42-3782,2019-10-16,CUST171,367.5525,Ewallet,0
478-06-7835,2019-02-03,CUST240,94.1745,Ewallet,0
642-32-2990,2019-10-17,CUST119,115.08,Ewallet,0
123-19-1176,2019-02-05,CUST004,489.048,Ewallet,0
838-78-4295,2019-10-20,CUST067,70.287,Ewallet,0
149-15-7606,2019-10-20,CUST654,352.674,Ewallet,0
787-15-1757,2019-10-23,CUST320,185.094,Ewallet,0
645-44-1170,2019-02-10,CUST114,548.7615,Ewallet,0
135-84-8019,2019-10-24,CUST346,736.4385,Ewallet,0
411-77-0180,2019-10-25,CUST306,530.67,Ewallet,0
608-04-3797,2019-10-25,CUST493,212.688,Ewallet,0
645-78-8093,2019-02-12,CUST236,195.594,Ewallet,0
425-85-2085,2019-10-30,CUST517,288.015,Ewallet,0
647-50-1224,2019-10-30,CUST547,308.91,Ewallet,0
604-70-6476,2019-02-17,CUST248,94.185,Ewallet,0
334-64-2006,2019-10-31,CUST600,147.672,Ewallet,0
690-01-6631,2019-10-31,CUST994,183.645,Ewallet,0
316-01-3952,2019-10-31,CUST397,284.9175,Ewallet,0
749-24-1565,2019-02-18,CUST206,217.6335,Ewallet,0
588-47-8641,2019-11-01,CUST671,588.42,Ewallet,0
271-77-8740,2019-11-02,CUST840,184.086,Ewallet,0
595-86-2894,2019-11-02,CUST379,407.316,Ewallet,0
458-10-8612,2019-02-20,CUST934,470.988,Ewallet,0
414-12-7047,2019-02-20,CUST175,166.236,Ewallet,0
445-30-9252,2019-02-21,CUST710,80.955,Ewallet,0
584-66-4073,2019-11-04,CUST872,59.325,Ewallet,0
369-82-2676,2019-11-06,CUST651,397.215,Ewallet,0
866-70-2814,2019-11-08,CUST854,554.295,Ewallet,0
236-86-3015,2019-02-26,CUST403,14.679,Ewallet,0
325-89-4209,2019-11-09,CUST887,92.295,Ewallet,0
641-43-2399,2019-11-10,CUST194,107.31,Ewallet,0
497-37-6538,2019-02-28,CUST790,432.9885,Ewallet,0
658-66-3967,2019-03-01,CUST853,390.9465,Ewallet,1
235-06-8510,2019-11-13,CUST936,270.018,Ewallet,0
699-14-3026,2019-11-14,CUST006,627.6165,Ewallet,0
825-94-5922,2019-03-04,CUST930,53.151,Ewallet,1
160-22-2687,2019-03-04,CUST855,503.7375,Ewallet,1
848-07-1692,2019-03-04,CUST419,120.162,Ewallet,1
499-27-7781,2019-11-15,CUST816,446.964,Ewallet,0
743-88-1662,2019-03-08,CUST378,701.8515,Ewallet,1
176-78-1170,2019-03-08,CUST866,106.5015,Ewallet,1
137-63-5492,2019-03-08,CUST738,616.98,Ewallet,1
795-49-7276,2019-11-19,CUST488,156.03,Ewallet,0
840-19-2096,2019-11-19,CUST618,461.5275,Ewallet,0
585-90-0249,2019-03-10,CUST847,76.923,Ewallet,1
394-41-0748,2019-03-10,CUST389,510.9615,Ewallet,1
659-65-8956,2019-03-10,CUST118,53.928,Ewallet,1
832-51-6761,2019-11-21,CUST818,284.592,Ewallet,0
438-23-1242,2019-03-11,CUST734,557.718,Ewallet,1
372-26-1506,2019-03-11,CUST410,125.055,Ewallet,1
183-21-3799,2019-03-12,CUST713,733.6035,Ewallet,1
272-65-1806,2019-03-12,CUST038,575.316,Ewallet,1
576-31-4774,2019-03-12,CUST673,231.2415,Ewallet,1
490-95-0021,2019-03-12,CUST881,348.705,Ewallet,1
280-35-5823,2019-11-25,CUST041,91.056,Ewallet,0
220-28-1851,2019-11-26,CUST519,72.933,Ewallet,0
880-35-0356,2019-03-16,CUST594,236.88,Ewallet,1
756-49-0168,2019-11-27,CUST733,20.685,Ewallet,0
226-34-0034,2019-03-17,CUST926,57.876,Ewallet,1
750-67-8428,2019-03-17,CUST001,548.9715,Ewallet,1
416-13-5917,2019-03-17,CUST344,509.4075,Ewallet,1
840-76-5966,2019-03-18,CUST862,26.796,Ewallet,1
105-10-6182,2019-11-29,CUST684,45.108,Ewallet,4
562-12-5430,2019-11-29,CUST658,277.6725,Ewallet,4
695-28-6250,2019-11-30,CUST588,226.065,Ewallet,0
826-58-8051,2019-11-30,CUST698,261.198,Ewallet,0
250-17-5703,2019-12-01,CUST759,197.925,Ewallet,0
856-66-2701,2019-12-01,CUST629,167.895,Ewallet,0
183-56-6882,2019-12-02,CUST035,417.564,Ewallet,0
730-70-9830,2019-03-22,CUST373,441.693,Ewallet,1
370-96-0655,2019-03-22,CUST683,310.716,Ewallet,1
420-04-7590,2019-12-03,CUST634,314.055,Ewallet,0
433-08-7822,2019-12-04,CUST937,579.8415,Ewallet,0
319-50-3348,2019-03-24,CUST020,84.63,Ewallet,1
712-39-0363,2019-03-24,CUST559,262.458,Ewallet,1
219-61-4139,2019-12-05,CUST601,87.234,Ewallet,0
375-72-3056,2019-03-25,CUST585,198.639,Ewallet,1
895-66-0685,2019-12-06,CUST186,56.952,Ewallet,0
568-88-3448,2019-12-06,CUST454,26.25,Ewallet,0
729-09-9681,2019-03-26,CUST258,163.233,Ewallet,1
214-17-6927,2019-12-07,CUST154,103.824,Ewallet,0
667-23-5919,2019-12-08,CUST376,507.675,Ewallet,0
291-32-1427,2019-12-08,CUST117,115.185,Ewallet,0
427-45-9297,2019-12-09,CUST835,299.3655,Ewallet,0
509-29-3912,2019-03-29,CUST616,365.904,Ewallet,1
266-20-6657,2019-03-30,CUST692,404.544,Ewallet,1
852-82-2749,2019-12-11,CUST870,271.278,Ewallet,0
663-86-9076,2019-03-31,CUST129,575.736,Ewallet,1
373-73-7910,2019-03-31,CUST005,634.3785,Ewallet,1
232-16-2483,2019-03-31,CUST036,71.526,Ewallet,1
847-38-7188,2019-12-12,CUST082,304.542,Ewallet,0
268-27-6179,2019-12-12,CUST125,474.348,Ewallet,0
730-50-9884,2019-12-12,CUST086,610.491,Ewallet,0
134-54-4720,2019-12-13,CUST563,356.328,Ewallet,0
701-23-5550,2019-12-13,CUST546,163.002,Ewallet,0
408-66-6712,2019-04-02,CUST669,300.573,Ewallet,0
558-60-5016,2019-04-02,CUST967,314.685,Ewallet,0
641-96-3695,2019-12-14,CUST620,273.798,Ewallet,0
189-55-2313,2019-04-03,CUST810,652.89,Ewallet,0
207-73-1363,2019-04-03,CUST580,145.971,Ewallet,0
775-72-1988,2019-04-04,CUST754,384.72,Ewallet,0
287-83-1405,2019-04-04,CUST531,160.209,Ewallet,0
595-27-4851,2019-12-16,CUST513,398.958,Ewallet,5
704-48-3927,2019-04-05,CUST106,931.035,Ewallet,0
101-81-4070,2019-04-06,CUST868,131.922,Ewallet,0
848-95-6252,2019-04-06,CUST861,90.5835,Ewallet,0
239-48-4278,2019-12-18,CUST573,74.4555,Ewallet,5
130-67-4723,2019-12-18,CUST680,305.55,Ewallet,5
252-56-2699,2019-12-18,CUST014,453.495,Ewallet,5
751-41-9720,2019-04-07,CUST700,1023.75,Ewallet,0
575-67-1508,2019-04-07,CUST480,40.53,Ewallet,0
747-58-7183,2019-12-19,CUST551,180.4005,Ewallet,5
372-94-8041,2019-12-20,CUST323,96.138,Ewallet,5
154-74-7179,2019-12-20,CUST265,57.1725,Ewallet,5
509-10-0516,2019-12-20,CUST902,193.074,Ewallet,5
587-73-4862,2019-04-09,CUST764,56.1225,Ewallet,0
803-83-5989,2019-12-21,CUST062,351.099,Ewallet,5
850-41-9669,2019-04-10,CUST261,709.317,Ewallet,0
761-49-0439,2019-04-10,CUST880,101.64,Ewallet,0
347-34-2234,2019-12-22,CUST063,520.4115,Ewallet,5
845-51-0542,2019-04-11,CUST251,439.8975,Ewallet,0
266-76-6436,2019-12-23,CUST421,121.59,Ewallet,5
423-57-2993,2019-12-24,CUST160,588.357,Ewallet,5
209-61-0206,2019-12-24,CUST512,225.2775,Ewallet,5
824-88-3614,2019-04-13,CUST184,288.204,Ewallet,0
305-14-0245,2019-04-13,CUST187,793.716,Ewallet,0
268-20-3585,2019-04-13,CUST714,130.8825,Ewallet,0
197-77-7132,2019-04-13,CUST739,769.104,Ewallet,0
888-02-0338,2019-12-25,CUST211,247.8735,Ewallet,5
574-80-1489,2019-12-25,CUST953,263.97,Ewallet,5
410-67-1709,2019-12-25,CUST763,536.592,Ewallet,5
325-77-6186,2019-04-15,CUST430,951.825,Ewallet,0
479-26-8945,2019-04-15,CUST111,34.629,Ewallet,0
831-64-0259,2019-04-15,CUST404,208.6875,Ewallet,0
616-24-2851,2019-04-16,CUST053,75.054,Ewallet,0
268-03-6164,2019-04-16,CUST416,100.9155,Ewallet,0
727-17-0390,2019-04-18,CUST453,333.9525,Ewallet,0
155-45-3814,2019-12-30,CUST642,743.82,Ewallet,5
695-09-5146,2019-12-30,CUST641,311.1885,Ewallet,5
834-45-5519,2019-12-30,CUST707,180.6,Ewallet,5
324-41-6833,2019-12-30,CUST802,253.68,Ewallet,5
563-36-9814,2019-12-31,CUST393,80.661,Ewallet,5
210-74-9613,2019-04-20,CUST729,408.492,Ewallet,0
892-05-6689,2020-01-01,CUST535,148.68,Ewallet,0
503-21-4385,2020-01-01,CUST951,125.7165,Ewallet,0
287-21-9091,2019-04-21,CUST075,705.6315,Ewallet,0
146-09-5432,2019-04-21,CUST900,331.128,Ewallet,0
558-80-4082,2020-01-02,CUST292,204.6975,Ewallet,0
851-28-6367,2020-01-03,CUST183,162.75,Ewallet,0
123-35-4896,2019-04-23,CUST598,440.937,Ewallet,0
720-72-2436,2020-01-04,CUST941,279.384,Ewallet,0
593-14-4239,2019-04-24,CUST766,801.864,Ewallet,0
744-02-5987,2019-04-24,CUST298,493.794,Ewallet,0
751-69-0068,2020-01-05,CUST436,937.818,Ewallet,0
731-14-2199,2019-04-25,CUST270,373.17,Ewallet,0
605-83-1050,2020-01-06,CUST796,57.078,Ewallet,0
451-73-2711,2019-04-26,CUST742,89.0715,Ewallet,0
423-80-0988,2020-01-07,CUST164,160.44,Ewallet,0
760-27-5490,2019-04-27,CUST709,131.208,Ewallet,0
662-72-2873,2019-04-27,CUST385,214.935,Ewallet,0
366-43-6862,2019-04-29,CUST821,222.138,Ewallet,0
898-04-2717,2020-01-11,CUST337,721.98,Ewallet,0
575-30-8091,2020-01-12,CUST140,609.0,Ewallet,0
501-61-1753,2019-05-02,CUST935,397.845,Ewallet,0
767-05-1286,2020-01-13,CUST471,527.751,Ewallet,0
460-35-4390,2020-01-13,CUST541,96.642,Ewallet,0
549-96-4200,2020-01-13,CUST439,71.568,Ewallet,0
726-27-2396,2019-05-03,CUST396,406.875,Ewallet,0
154-87-7367,2019-05-03,CUST876,548.184,Ewallet,0
182-52-7000,2019-05-03,CUST697,113.568,Ewallet,0
510-95-6347,2020-01-14,CUST073,152.838,Ewallet,0
643-38-7867,2020-01-14,CUST538,102.837,Ewallet,0
139-32-4183,2019-05-04,CUST983,921.186,Ewallet,0
534-53-3526,2020-01-15,CUST782,397.992,Ewallet,0
707-32-7409,2019-05-05,CUST771,401.268,Ewallet,0
721-86-6247,2019-05-05,CUST230,532.728,Ewallet,0
300-71-4605,2020-01-17,CUST021,451.71,Ewallet,0
549-59-1358,2020-01-18,CUST025,279.1845,Ewallet,0
642-30-6693,2020-01-18,CUST604,343.413,Ewallet,0
546-80-2899,2020-01-18,CUST744,79.149,Ewallet,0
500-02-2261,2020-01-19,CUST940,360.927,Ewallet,0
594-34-4444,2019-05-10,CUST096,102.018,Ewallet,0
574-57-9721,2020-01-21,CUST432,90.867,Ewallet,0
243-55-8457,2020-01-21,CUST933,781.62,Ewallet,0
157-13-5295,2019-05-11,CUST235,545.37,Ewallet,0
726-29-6793,2019-05-12,CUST506,203.112,Ewallet,0
242-55-6721,2020-01-23,CUST055,33.936,Ewallet,0
376-56-3573,2019-05-15,CUST278,400.764,Ewallet,0
857-16-3520,2020-01-26,CUST717,525.231,Ewallet,0
583-72-1480,2019-05-16,CUST228,155.652,Ewallet,0
760-90-2357,2019-05-16,CUST564,469.413,Ewallet,0
886-77-9084,2020-01-27,CUST787,603.876,Ewallet,0
735-32-9839,2020-01-28,CUST715,829.08,Ewallet,0
518-71-6847,2020-01-28,CUST978,167.58,Ewallet,0
407-63-8975,2020-01-28,CUST179,465.444,Ewallet,0
373-09-4567,2019-05-18,CUST603,814.38,Ewallet,0
857-67-9057,2020-01-29,CUST533,240.975,Ewallet,0
483-71-1164,2019-05-20,CUST135,512.19,Ewallet,0
574-22-5561,2019-05-20,CUST050,867.615,Ewallet,0
545-07-8534,2019-05-20,CUST905,122.472,Ewallet,0
745-74-0715,2020-01-31,CUST993,121.863,Ewallet,0
365-16-4334,2020-02-01,CUST950,222.012,Ewallet,0
635-40-6220,2019-05-23,CUST058,752.64,Ewallet,0
764-44-8999,2019-05-24,CUST987,30.996,Ewallet,0
472-15-9636,2019-05-25,CUST415,427.812,Ewallet,0
635-28-5728,2020-02-05,CUST732,176.4,Ewallet,0
401-09-4232,2019-05-26,CUST800,455.1225,Ewallet,0
288-62-1085,2019-05-26,CUST837,202.335,Ewallet,0
565-91-4567,2019-05-26,CUST811,90.3,Ewallet,0
358-88-9262,2019-05-27,CUST540,551.124,Ewallet,0
573-98-8548,2019-05-27,CUST502,33.495,Ewallet,0
884-80-6021,2019-05-29,CUST888,771.435,Ewallet,0
186-71-5196,2019-05-29,CUST909,167.034,Ewallet,0
409-33-9708,2020-02-09,CUST852,206.808,Ewallet,0
549-03-9315,2020-02-09,CUST219,796.908,Ewallet,0
448-34-8700,2019-05-30,CUST972,271.2885,Ewallet,0
751-15-6198,2019-05-30,CUST801,144.963,Ewallet,0
696-90-2548,2019-05-31,CUST414,81.396,Ewallet,0
453-63-6187,2019-06-02,CUST359,86.625,Ewallet,2
192-98-7397,2019-06-03,CUST444,13.419,Ewallet,2
821-07-3596,2019-06-05,CUST262,69.09,Ewallet,2
685-64-1609,2019-06-07,CUST147,316.47,Ewallet,2
457-12-0244,2019-06-07,CUST925,221.886,Ewallet,2
433-75-6987,2019-06-08,CUST342,411.3795,Ewallet,2
667-92-0055,2020-02-19,CUST284,628.929,Ewallet,0
836-82-5858,2019-06-09,CUST227,655.5465,Ewallet,2
351-62-0822,2019-06-09,CUST011,60.816,Ewallet,2
434-35-9162,2019-06-10,CUST725,98.028,Ewallet,2
378-24-2715,2019-06-10,CUST120,112.224,Ewallet,2
585-03-5943,2020-02-21,CUST295,190.155,Ewallet,0
315-22-5665,2020-02-22,CUST008,772.38,Ewallet,0
151-27-8496,2019-06-12,CUST912,235.746,Ewallet,2
865-92-6136,2020-02-23,CUST099,166.1625,Ewallet,0
267-62-7380,2019-06-17,CUST989,864.57,Ewallet,2
686-41-0932,2019-06-18,CUST491,72.87,Ewallet,2
137-74-8729,2019-06-18,CUST889,102.396,Ewallet,2
569-71-4390,2019-06-20,CUST412,45.927,Ewallet,2
665-63-9737,2019-06-21,CUST640,165.123,Ewallet,2
788-07-8452,2019-06-21,CUST592,178.164,Ewallet,2
365-64-0515,2019-06-21,CUST013,246.4875,Ewallet,2
276-54-0879,2019-06-21,CUST326,410.508,Ewallet,2
373-88-1424,2019-06-21,CUST949,188.0025,Ewallet,2
719-89-8991,2019-06-22,CUST526,479.9025,Ewallet,2
288-38-3758,2019-06-24,CUST755,267.3405,Ewallet,2
885-17-6250,2019-06-26,CUST395,83.727,Ewallet,2
807-14-7833,2019-06-26,CUST753,182.91,Ewallet,2
676-10-2200,2019-06-26,CUST948,56.469,Ewallet,2
573-58-9734,2019-06-28,CUST209,95.6655,Ewallet,2
238-45-6950,2019-06-28,CUST735,56.406,Ewallet,2
371-85-5789,2019-06-28,CUST022,277.137,Ewallet,2
374-38-5555,2019-06-28,CUST986,334.4775,Ewallet,2
355-53-5943,2019-06-29,CUST007,433.692,Ewallet,2
342-65-4817,2019-06-29,CUST180,273.42,Ewallet,2
201-63-8275,2019-06-30,CUST773,499.7265,Ewallet,2
727-46-3608,2019-06-30,CUST048,189.0945,Ewallet,2
636-98-3364,2019-07-01,CUST920,82.719,Ewallet,0
333-73-7901,2020-03-13,CUST039,461.328,Ewallet,0
457-94-0464,2019-07-03,CUST780,830.3715,Ewallet,0
156-95-3964,2020-03-19,CUST760,232.638,Ewallet,0
583-41-4548,2019-07-08,CUST536,122.5245,Ewallet,0
706-36-6154,2019-07-10,CUST646,182.952,Ewallet,0
829-49-1914,2019-07-13,CUST079,822.255,Ewallet,0
746-19-0921,2019-07-13,CUST469,22.659,Ewallet,0
273-84-2164,2019-07-15,CUST645,63.2625,Ewallet,0
816-57-2053,2019-07-16,CUST627,127.827,Ewallet,0
728-88-7867,2019-07-17,CUST712,317.226,Ewallet,0
471-41-2823,2019-07-18,CUST363,209.559,Ewallet,0
413-20-6708,2019-07-18,CUST516,54.0435,Ewallet,0
620-02-2046,2019-07-19,CUST503,145.74,Ewallet,0
303-96-2227,2019-07-19,CUST997,1022.49,Ewallet,0
408-26-9866,2019-07-19,CUST570,543.753,Ewallet,0
210-30-7976,2019-07-22,CUST751,93.744,Ewallet,0
443-59-0061,2019-07-24,CUST615,708.225,Ewallet,0
233-67-5758,2019-07-27,CUST996,42.3675,Ewallet,0
480-63-2856,2019-07-28,CUST083,161.7,Ewallet,0
655-07-2265,2019-07-30,CUST632,246.6765,Ewallet,0
477-24-6490,2019-07-31,CUST275,628.173,Ewallet,0
236-27-1144,2019-07-31,CUST534,154.1295,Ewallet,0
468-01-2051,2019-08-01,CUST222,456.288,Ewallet,3
400-60-7251,2019-08-01,CUST189,77.7735,Ewallet,3
218-59-9410,2019-08-01,CUST560,228.123,Ewallet,3
142-63-6033,2019-08-03,CUST213,484.89,Ewallet,3
318-12-0304,2019-08-03,CUST609,32.1405,Ewallet,3
437-58-8131,2019-08-03,CUST192,154.392,Ewallet,3
875-46-5808,2019-08-04,CUST204,271.95,Ewallet,3
474-33-8305,2019-08-05,CUST803,495.3165,Ewallet,3
587-03-7455,2019-08-06,CUST405,718.7565,Ewallet,3
626-43-7888,2019-08-06,CUST701,507.444,Ewallet,3
505-02-0892,2019-08-08,CUST166,357.588,Ewallet,3
528-14-9470,2019-08-09,CUST834,95.865,Ewallet,3
785-96-0615,2019-08-09,CUST757,300.216,Ewallet,3
743-04-1105,2019-08-11,CUST159,918.729,Ewallet,3
652-49-6720,2019-08-12,CUST995,63.9975,Ewallet,3
856-22-8149,2019-08-13,CUST198,26.5545,Ewallet,3
516-77-6464,2019-08-13,CUST785,53.34,Ewallet,3
190-14-3147,2019-08-13,CUST668,75.474,Ewallet,3
674-15-9296,2019-08-14,CUST483,194.985,Ewallet,3
109-28-2512,2019-08-16,CUST068,614.943,Ewallet,3
559-98-9873,2019-08-17,CUST607,394.3275,Ewallet,3
151-16-1484,2019-08-20,CUST259,135.45,Ewallet,3
129-29-8530,2019-08-21,CUST037,328.755,Ewallet,3
627-95-3243,2019-08-22,CUST490,734.076,Ewallet,3
648-94-3045,2019-08-22,CUST679,618.975,Ewallet,3
186-09-3669,2019-08-22,CUST418,85.5855,Ewallet,3
781-84-8059,2019-08-23,CUST897,446.439,Ewallet,3
549-84-7482,2019-08-24,CUST130,853.146,Ewallet,3
437-53-3084,2019-08-26,CUST495,209.769,Ewallet,3
518-17-2983,2019-08-26,CUST666,204.246,Ewallet,3
257-73-1380,2019-08-28,CUST437,348.306,Ewallet,3
291-55-6563,2019-08-30,CUST884,216.846,Ewallet,3
598-47-9715,2019-08-30,CUST478,353.094,Ewallet,3
522-57-8364,2019-08-31,CUST914,431.256,Ewallet,3
349-97-8902,2019-09-03,CUST610,121.569,Ewallet,0
592-34-6155,2019-09-05,CUST578,133.434,Ewallet,0
512-98-1403,2019-09-05,CUST309,83.412,Ewallet,0
794-32-2436,2019-09-05,CUST643,116.907,Ewallet,0
339-96-8318,2019-09-05,CUST576,597.6285,Ewallet,0
307-85-2293,2019-09-05,CUST158,263.97,Ewallet,0
766-85-7061,2019-09-06,CUST097,922.635,Ewallet,0
239-36-3640,2019-09-06,CUST221,285.705,Ewallet,0
827-26-2100,2019-09-09,CUST176,319.788,Ewallet,0
510-79-0415,2019-09-09,CUST685,145.404,Ewallet,0
459-50-7686,2019-09-15,CUST433,147.798,Ewallet,0
835-16-0096,2019-09-16,CUST335,77.175,Ewallet,0
438-01-4015,2019-09-17,CUST486,207.858,Ewallet,0
602-16-6955,2019-09-17,CUST992,804.3,Ewallet,0
263-87-5680,2019-09-20,CUST208,299.565,Ewallet,0
239-10-7476,2019-09-20,CUST145,491.085,Ewallet,0
153-58-4872,2019-09-22,CUST384,314.538,Ewallet,0
373-14-0504,2019-09-22,CUST743,150.423,Ewallet,0
636-48-8204,2019-09-23,CUST024,181.44,Ewallet,0
339-38-9982,2019-09-23,CUST528,125.706,Ewallet,0
873-51-0671,2019-09-26,CUST093,161.553,Ewallet,0
779-42-2410,2019-09-26,CUST667,181.881,Ewallet,0
701-69-8742,2019-09-28,CUST479,360.885,Ewallet,0
225-32-0908,2019-09-29,CUST092,471.03,Ewallet,0
256-08-8343,2019-09-29,CUST409,237.426,Ewallet,0
880-46-5796,2019-09-30,CUST890,807.66,Ewallet,0
641-62-7288,2019-10-03,CUST931,629.496,Ewallet,0
503-07-0930,2019-10-07,CUST515,429.1665,Credit card,0
195-06-0432,2019-10-07,CUST968,255.1815,Credit card,0
659-36-1684,2019-10-09,CUST122,419.832,Credit card,0
488-25-4221,2019-10-10,CUST144,31.9305,Credit card,0
211-30-9270,2019-10-10,CUST237,91.4025,Credit card,0
755-12-3214,2019-10-11,CUST238,232.155,Credit card,0
219-22-9386,2019-10-11,CUST123,944.622,Credit card,0
381-20-0914,2019-10-11,CUST078,189.0945,Credit card,0
188-55-0967,2019-10-12,CUST636,697.935,Credit card,0
199-75-8169,2019-10-12,CUST064,166.005,Credit card,0
609-81-8548,2019-10-12,CUST523,235.872,Credit card,0
374-17-3652,2019-10-15,CUST340,404.649,Credit card,0
545-46-3100,2019-10-15,CUST232,33.3585,Credit card,0
521-18-7827,2019-10-16,CUST518,206.7975,Credit card,0
101-17-6199,2019-10-16,CUST163,336.5565,Credit card,0
870-72-4431,2019-02-03,CUST081,624.897,Credit card,0
842-29-4695,2019-02-03,CUST662,125.979,Credit card,0
366-93-0948,2019-02-03,CUST257,69.6675,Credit card,0
189-08-9157,2019-02-04,CUST128,299.8485,Credit card,0
665-32-9167,2019-02-04,CUST009,76.146,Credit card,0
152-68-2907,2019-10-18,CUST597,164.43,Credit card,0
139-52-2867,2019-10-21,CUST178,165.4485,Credit card,0
308-39-1707,2019-10-21,CUST630,12.6945,Credit card,0
878-30-2331,2019-10-21,CUST466,572.775,Credit card,0
347-72-6115,2019-10-23,CUST511,666.939,Credit card,0
756-93-1854,2019-02-11,CUST932,175.035,Credit card,0
569-76-2760,2019-10-25,CUST826,92.442,Credit card,0
241-11-2261,2019-02-12,CUST569,586.971,Credit card,0
790-38-4466,2019-10-26,CUST788,57.6975,Credit card,0
262-47-2794,2019-10-26,CUST149,603.624,Credit card,0
442-44-6497,2019-02-13,CUST727,175.0455,Credit card,0
263-10-3913,2019-10-28,CUST077,463.428,Credit card,0
585-86-8361,2019-02-15,CUST752,143.22,Credit card,0
612-36-5536,2019-10-29,CUST361,680.064,Credit card,0
746-68-6593,2019-10-29,CUST226,183.036,Credit card,0
359-90-3665,2019-10-29,CUST584,75.936,Credit card,0
120-54-2248,2019-02-16,CUST776,151.515,Credit card,0
234-03-4040,2019-10-30,CUST462,767.025,Credit card,0
746-94-0204,2019-02-17,CUST153,786.618,Credit card,0
883-69-1285,2019-10-31,CUST976,104.832,Credit card,0
271-88-8734,2019-10-31,CUST423,1020.705,Credit card,0
152-03-4217,2019-10-31,CUST863,106.596,Credit card,0
151-33-7434,2019-02-18,CUST980,71.1585,Credit card,0
765-26-6951,2019-11-01,CUST018,457.443,Credit card,0
450-42-3339,2019-11-01,CUST907,888.405,Credit card,0
589-02-8023,2019-11-01,CUST633,175.917,Credit card,0
802-43-8934,2019-11-01,CUST216,19.194,Credit card,0
556-41-6224,2019-02-19,CUST674,282.576,Credit card,0
174-64-0215,2019-11-03,CUST728,732.27,Credit card,0
380-94-4661,2019-02-21,CUST260,276.948,Credit card,0
821-14-9046,2019-11-04,CUST720,110.124,Credit card,0
243-47-2663,2019-11-04,CUST544,118.251,Credit card,0
105-31-1824,2019-02-22,CUST170,510.972,Credit card,0
156-20-0370,2019-11-05,CUST979,26.7225,Credit card,0
631-34-1880,2019-11-07,CUST869,76.5765,Credit card,0
235-46-8343,2019-11-08,CUST447,290.43,Credit card,0
828-46-6863,2019-02-26,CUST619,620.739,Credit card,0
815-04-6282,2019-02-27,CUST813,341.0925,Credit card,0
138-17-5109,2019-11-10,CUST443,843.0345,Credit card,0
511-54-3087,2019-11-13,CUST505,92.8725,Credit card,0
834-83-1826,2019-11-13,CUST571,430.71,Credit card,0
702-72-0487,2019-11-14,CUST795,97.881,Credit card,0
687-47-8271,2019-03-04,CUST168,1039.29,Credit card,1
638-60-7125,2019-11-17,CUST121,836.304,Credit card,0
527-09-6272,2019-11-17,CUST336,149.3625,Credit card,0
308-81-0538,2019-11-17,CUST539,306.81,Credit card,0
704-10-4056,2019-11-17,CUST789,190.4805,Credit card,0
894-41-5205,2019-11-18,CUST161,362.712,Credit card,0
377-79-7592,2019-03-10,CUST901,423.738,Credit card,1
283-79-9594,2019-11-21,CUST289,356.5485,Credit card,0
210-67-5886,2019-11-22,CUST112,309.3615,Credit card,0
602-80-9671,2019-03-12,CUST510,100.485,Credit card,1
321-49-7382,2019-11-23,CUST927,92.7255,Credit card,0
600-38-9738,2019-03-13,CUST520,377.58,Credit card,1
380-60-5336,2019-03-13,CUST812,422.73,Credit card,1
882-40-4577,2019-03-13,CUST406,282.492,Credit card,1
656-95-9349,2019-11-24,CUST017,506.6355,Credit card,0
699-88-1972,2019-11-25,CUST896,832.944,Credit card,0
549-23-9016,2019-11-25,CUST844,31.227,Credit card,0
699-01-4164,2019-03-15,CUST199,174.3,Credit card,1
664-14-2882,2019-11-26,CUST748,55.2825,Credit card,0
263-12-5321,2019-11-26,CUST794,680.61,Credit card,0
296-11-7041,2019-03-17,CUST449,28.4235,Credit card,1
258-92-7466,2019-11-28,CUST716,187.32,Credit card,0
842-40-8179,2019-11-29,CUST761,810.6,Credit card,4
253-12-6086,2019-11-30,CUST266,723.24,Credit card,0
361-59-0574,2019-03-20,CUST867,760.452,Credit card,1
313-66-9943,2019-12-01,CUST911,91.8225,Credit card,0
442-48-3607,2019-12-01,CUST334,49.308,Credit card,0
485-30-8700,2019-03-22,CUST477,174.615,Credit card,1
458-41-1477,2019-12-03,CUST146,291.438,Credit card,0
400-45-1220,2019-12-03,CUST350,141.75,Credit card,0
852-62-7105,2019-12-05,CUST624,874.125,Credit card,0
277-63-2961,2019-03-25,CUST501,77.6685,Credit card,1
190-59-3964,2019-03-26,CUST820,247.59,Credit card,1
307-04-2070,2019-12-07,CUST783,32.151,Credit card,0
548-46-9322,2019-03-27,CUST165,418.95,Credit card,1
169-52-4504,2019-12-08,CUST656,49.4235,Credit card,0
421-95-9805,2019-12-09,CUST611,30.408,Credit card,0
139-20-0155,2019-12-09,CUST291,423.15,Credit card,0
250-81-7186,2019-03-30,CUST657,104.6745,Credit card,1
651-96-5970,2019-12-11,CUST791,48.7305,Credit card,0
760-53-9233,2019-03-31,CUST828,130.032,Credit card,1
750-57-9686,2019-12-12,CUST417,190.596,Credit card,0
493-65-6248,2019-12-14,CUST485,388.29,Credit card,0
448-61-3783,2019-12-14,CUST879,756.168,Credit card,0
355-34-6244,2019-12-16,CUST574,152.019,Credit card,5
470-32-9057,2019-12-16,CUST465,269.535,Credit card,5
811-35-1094,2019-12-16,CUST895,317.835,Credit card,5
544-32-5024,2019-12-17,CUST608,209.118,Credit card,5
817-69-8206,2019-04-07,CUST210,942.4485,Credit card,0
115-38-7388,2019-12-19,CUST882,85.512,Credit card,5
618-34-8551,2019-12-19,CUST807,195.678,Credit card,5
624-01-8356,2019-12-19,CUST910,514.605,Credit card,5
722-13-2115,2019-12-19,CUST917,44.9925,Credit card,5
662-47-5456,2019-12-19,CUST252,369.495,Credit card,5
810-60-6344,2019-12-19,CUST440,343.224,Credit card,5
787-87-2010,2019-12-22,CUST765,233.1,Credit card,5
225-98-1496,2019-04-11,CUST116,85.113,Credit card,0
670-71-7306,2019-12-24,CUST838,281.169,Credit card,5
186-43-8965,2019-12-24,CUST822,100.128,Credit card,5
732-94-0499,2019-12-24,CUST076,437.325,Credit card,5
831-07-6050,2019-04-13,CUST195,171.7275,Credit card,0
552-44-5977,2019-04-13,CUST988,520.8,Credit card,0
311-13-6971,2019-12-25,CUST883,335.895,Credit card,5
246-55-6923,2019-04-14,CUST921,338.2155,Credit card,0
633-44-8566,2019-04-14,CUST088,362.943,Credit card,0
182-69-8360,2019-12-26,CUST380,99.33,Credit card,5
284-54-4231,2019-04-15,CUST614,84.9765,Credit card,0
435-13-4908,2019-04-15,CUST532,728.112,Credit card,0
370-41-7321,2019-12-27,CUST047,535.7205,Credit card,5
607-76-6216,2019-12-27,CUST893,485.5725,Credit card,5
148-82-2527,2019-04-17,CUST494,127.26,Credit card,0
422-29-8786,2019-12-30,CUST375,352.2225,Credit card,5
440-59-5691,2019-04-20,CUST467,273.0525,Credit card,0
641-51-2661,2019-04-20,CUST664,914.55,Credit card,0
752-23-3760,2020-01-01,CUST677,470.988,Credit card,0
718-57-9773,2020-01-02,CUST567,517.965,Credit card,0
420-11-4919,2020-01-03,CUST200,374.7975,Credit card,0
336-78-2147,2020-01-03,CUST124,536.844,Credit card,0
431-66-2305,2019-04-23,CUST929,833.9625,Credit card,0
238-49-0436,2020-01-04,CUST150,272.664,Credit card,0
400-80-4065,2019-04-24,CUST792,287.91,Credit card,0
737-88-5876,2019-04-24,CUST875,97.818,Credit card,0
457-13-1708,2020-01-06,CUST747,684.915,Credit card,0
345-08-4992,2020-01-06,CUST438,214.137,Credit card,0
862-29-5914,2020-01-06,CUST848,23.499,Credit card,0
540-11-4336,2019-04-26,CUST241,235.683,Credit card,0
634-97-8956,2019-04-27,CUST332,103.635,Credit card,0
633-09-3463,2019-04-28,CUST339,150.0975,Credit card,0
241-96-5076,2019-04-29,CUST686,103.11,Credit card,0
173-50-1108,2019-04-29,CUST543,84.756,Credit card,0
871-79-8483,2020-01-10,CUST031,494.1825,Credit card,0
343-87-0864,2019-05-01,CUST542,79.674,Credit card,0
339-18-7061,2019-05-03,CUST583,195.258,Credit card,0
222-42-0244,2019-05-04,CUST827,681.4395,Credit card,0
359-94-5395,2020-01-15,CUST799,97.419,Credit card,0
650-98-6268,2020-01-16,CUST428,65.7405,Credit card,0
804-38-3935,2020-01-18,CUST846,295.407,Credit card,0
790-29-1172,2020-01-20,CUST220,180.621,Credit card,0
669-54-1719,2019-05-10,CUST049,119.259,Credit card,0
862-17-9201,2019-05-10,CUST508,529.515,Credit card,0
734-91-1155,2019-05-10,CUST521,143.9865,Credit card,0
386-27-7606,2019-05-11,CUST737,596.82,Credit card,0
860-73-6466,2019-05-12,CUST843,82.887,Credit card,0
405-31-3305,2019-05-13,CUST473,452.865,Credit card,0
608-96-3517,2019-05-14,CUST151,384.468,Credit card,0
596-42-3999,2020-01-25,CUST390,133.917,Credit card,0
881-41-7302,2020-01-25,CUST602,68.2395,Credit card,0
308-47-4913,2019-05-17,CUST394,548.73,Credit card,0
227-03-5010,2020-01-28,CUST026,441.756,Credit card,0
607-65-2441,2020-01-29,CUST736,860.475,Credit card,0
453-12-7053,2020-01-29,CUST448,144.081,Credit card,0
510-09-5628,2020-01-30,CUST492,206.43,Credit card,0
870-76-1733,2020-01-31,CUST313,74.7075,Credit card,0
449-16-6770,2020-01-31,CUST944,266.6475,Credit card,0
725-67-2480,2020-02-01,CUST663,370.125,Credit card,0
378-07-7001,2019-05-22,CUST341,151.4835,Credit card,0
838-02-1821,2020-02-02,CUST923,26.733,Credit card,0
175-54-2529,2020-02-02,CUST177,186.228,Credit card,0
289-15-7034,2019-05-23,CUST381,345.786,Credit card,0
470-31-3286,2019-05-23,CUST596,46.683,Credit card,0
189-17-4241,2020-02-04,CUST028,184.107,Credit card,0
142-72-4741,2020-02-04,CUST243,195.72,Credit card,0
286-62-6248,2019-05-25,CUST527,164.682,Credit card,0
393-65-2792,2019-05-26,CUST071,939.54,Credit card,0
247-11-2470,2019-05-26,CUST731,93.744,Credit card,0
284-34-9626,2020-02-09,CUST191,242.676,Credit card,0
523-38-0215,2019-05-30,CUST282,38.85,Credit card,0
883-17-4236,2020-02-11,CUST253,30.219,Credit card,0
394-43-4238,2019-06-01,CUST205,93.2925,Credit card,2
767-97-4650,2019-06-01,CUST687,136.143,Credit card,2
136-08-6195,2020-02-12,CUST281,587.664,Credit card,0
725-56-0833,2020-02-14,CUST388,339.36,Credit card,0
593-08-5916,2019-06-05,CUST963,16.275,Credit card,2
487-79-6868,2020-02-16,CUST749,116.1405,Credit card,0
127-47-6963,2020-02-17,CUST586,217.182,Credit card,0
345-68-9016,2019-06-08,CUST745,266.028,Credit card,2
799-71-1548,2019-06-10,CUST249,326.424,Credit card,2
698-98-5964,2019-06-10,CUST566,852.705,Credit card,2
746-54-5508,2019-06-11,CUST325,135.576,Credit card,2
860-79-0874,2019-06-11,CUST351,1042.65,Credit card,2
254-31-0042,2020-02-22,CUST370,203.175,Credit card,0
628-34-3388,2019-06-15,CUST107,172.494,Credit card,2
261-12-8671,2019-06-15,CUST372,128.016,Credit card,2
329-62-1586,2019-06-17,CUST019,172.2105,Credit card,2
550-84-8664,2019-06-19,CUST575,451.0275,Credit card,2
801-88-0346,2019-06-20,CUST767,239.589,Credit card,2
868-06-0466,2019-06-20,CUST699,657.531,Credit card,2
586-25-0848,2019-06-20,CUST185,90.699,Credit card,2
446-47-6729,2019-06-21,CUST301,209.622,Credit card,2
788-21-5741,2019-06-22,CUST719,142.947,Credit card,2
704-20-4138,2019-06-22,CUST319,218.0745,Credit card,2
286-75-7818,2019-06-23,CUST431,145.068,Credit card,2
785-13-7708,2019-06-24,CUST250,536.991,Credit card,2
568-90-5112,2020-03-06,CUST148,277.788,Credit card,0
776-68-1096,2020-03-08,CUST723,138.978,Credit card,0
237-01-6122,2019-06-27,CUST115,763.4655,Credit card,2
859-97-6048,2019-06-28,CUST947,176.925,Credit card,2
692-92-5582,2019-06-29,CUST010,172.746,Credit card,2
670-79-6321,2019-07-02,CUST623,695.2365,Credit card,0
886-18-2897,2020-03-16,CUST991,296.94,Credit card,0
595-11-5460,2019-07-05,CUST034,202.818,Credit card,0
595-94-9924,2020-03-17,CUST903,145.5825,Credit card,0
133-77-3154,2019-07-06,CUST655,252.756,Credit card,0
176-64-7711,2020-03-18,CUST702,101.808,Credit card,0
794-42-3736,2019-07-07,CUST965,69.993,Credit card,0
841-18-8232,2019-07-11,CUST545,74.76,Credit card,0
131-15-8856,2019-07-11,CUST644,609.168,Credit card,0
302-15-2162,2019-07-13,CUST591,293.139,Credit card,0
631-41-3108,2019-07-13,CUST003,340.5255,Credit card,0
471-06-8611,2019-07-14,CUST774,55.041,Credit card,0
828-61-5674,2019-07-14,CUST280,462.21,Credit card,0
399-69-4630,2019-07-15,CUST554,139.923,Credit card,0
811-03-8790,2019-07-19,CUST675,477.54,Credit card,0
656-16-1063,2019-07-20,CUST214,146.223,Credit card,0
214-30-2776,2019-07-21,CUST970,181.0725,Credit card,0
610-46-4100,2019-07-22,CUST637,212.7825,Credit card,0
873-14-6353,2019-07-24,CUST871,182.427,Credit card,0
730-61-8757,2019-07-24,CUST329,214.746,Credit card,0
889-04-9723,2019-07-26,CUST356,374.388,Credit card,0
390-80-5128,2019-07-26,CUST446,20.1075,Credit card,0
793-10-3222,2019-07-28,CUST399,258.678,Credit card,0
759-98-4285,2019-07-28,CUST772,631.1445,Credit card,0
837-55-7229,2019-07-28,CUST435,49.812,Credit card,0
449-27-2918,2019-07-29,CUST450,41.076,Credit card,0
110-05-6330,2019-07-29,CUST401,248.409,Credit card,0
869-11-3082,2019-07-30,CUST819,403.872,Credit card,0
632-90-0281,2019-07-30,CUST357,394.275,Credit card,0
430-53-4718,2019-08-01,CUST990,633.108,Credit card,3
700-81-1757,2019-08-05,CUST137,138.1275,Credit card,3
590-83-4591,2019-08-06,CUST134,550.935,Credit card,3
420-97-3340,2019-08-07,CUST621,225.792,Credit card,3
109-86-4363,2019-08-07,CUST825,441.588,Credit card,3
651-61-0874,2019-08-09,CUST402,194.124,Credit card,3
394-30-3170,2019-08-12,CUST442,742.812,Credit card,3
115-99-4379,2019-08-12,CUST353,402.2655,Credit card,3
851-98-3555,2019-08-12,CUST908,435.12,Credit card,3
782-95-9291,2019-08-12,CUST156,484.5225,Credit card,3
593-65-1552,2019-08-20,CUST190,293.202,Credit card,3
606-80-4905,2019-08-20,CUST201,120.645,Credit card,3
584-86-7256,2019-08-21,CUST152,254.016,Credit card,3
502-05-1910,2019-08-21,CUST476,205.317,Credit card,3
182-88-2763,2019-08-24,CUST635,251.7165,Credit card,3
301-81-8610,2019-08-24,CUST424,213.528,Credit card,3
731-81-9469,2019-08-24,CUST141,942.9,Credit card,3
843-01-4703,2019-08-24,CUST377,334.341,Credit card,3
778-71-5554,2019-08-27,CUST054,16.2015,Credit card,3
525-09-8450,2019-08-28,CUST762,757.365,Credit card,3
710-46-4433,2019-08-29,CUST457,731.43,Credit card,3
285-68-5083,2019-08-30,CUST061,77.931,Credit card,3
316-55-4634,2019-08-31,CUST172,420.2625,Credit card,3
541-48-8554,2019-09-02,CUST548,575.9775,Credit card,0
679-22-6530,2019-09-04,CUST670,85.302,Credit card,0
652-43-6591,2019-09-04,CUST756,817.236,Credit card,0
482-17-1179,2019-09-06,CUST718,37.611,Credit card,0
102-77-2261,2019-09-09,CUST777,480.0285,Credit card,0
729-46-7422,2019-09-10,CUST460,37.6845,Credit card,0
534-01-4457,2019-09-10,CUST525,514.773,Credit card,0
376-02-8238,2019-09-10,CUST245,788.508,Credit card,0
356-44-8813,2019-09-11,CUST556,118.062,Credit card,0
746-04-1077,2019-09-15,CUST971,888.615,Credit card,0
404-91-5964,2019-09-16,CUST786,548.163,Credit card,0
152-08-9985,2019-09-17,CUST094,608.202,Credit card,0
144-51-6085,2019-09-17,CUST269,297.108,Credit card,0
448-81-5016,2019-09-18,CUST242,125.517,Credit card,0
616-87-0016,2019-09-18,CUST434,702.219,Credit card,0
808-65-0703,2019-09-19,CUST267,148.974,Credit card,0
273-16-6619,2019-09-22,CUST023,69.72,Credit card,0
512-91-0811,2019-09-23,CUST095,94.2375,Credit card,0
439-54-7422,2019-09-24,CUST304,214.998,Credit card,0
866-99-7614,2019-09-25,CUST562,936.6,Credit card,0
672-51-8681,2019-01-13,CUST207,629.8425,Credit card,0
172-42-8274,2019-09-28,CUST966,80.367,Credit card,0
320-85-2052,2019-01-16,CUST682,36.5505,Credit card,0
827-44-5872,2019-09-29,CUST529,570.78,Credit card,0
732-67-5346,2019-09-29,CUST407,72.3975,Credit card,0
339-12-4827,2019-01-17,CUST537,77.658,Credit card,0
149-61-1929,2019-09-30,CUST631,673.995,Credit card,0
573-10-3877,2019-09-30,CUST302,40.9605,Credit card,0
887-42-0517,2019-09-30,CUST924,611.079,Credit card,0
744-16-7898,2019-10-01,CUST793,1022.385,Credit card,0
491-38-3499,2019-10-01,CUST660,58.2225,Credit card,0
126-54-1082,2019-10-01,CUST273,203.553,Credit card,0
416-17-9926,2019-01-19,CUST830,779.31,Credit card,0
191-29-0321,2019-10-02,CUST703,207.585,Credit card,0
668-90-8900,2019-10-02,CUST126,688.6215,Credit card,0
489-82-1237,2019-10-03,CUST946,690.018,Credit card,0
608-27-6295,2019-10-03,CUST174,333.207,Credit card,0
787-56-0757,2019-10-03,CUST084,337.512,Credit card,0
397-25-8725,2019-01-22,CUST928,374.409,Credit card,0